2026-09-15 19:12:51,599:WARNING:
'cuml' is a soft dependency and not included in the pycaret installation. Please run: `pip install cuml` to install.
2026-09-15 19:12:51,599:WARNING:
'cuml' is a soft dependency and not included in the pycaret installation. Please run: `pip install cuml` to install.
2026-09-15 19:12:51,599:WARNING:
'cuml' is a soft dependency and not included in the pycaret installation. Please run: `pip install cuml` to install.
2026-09-15 19:12:51,599:WARNING:
'cuml' is a soft dependency and not included in the pycaret installation. Please run: `pip install cuml` to install.
2026-09-15 19:12:57,120:INFO:PyCaret ClassificationExperiment
2026-09-15 19:12:57,121:INFO:Logging name: clf-default-name
2026-09-15 19:12:57,146:INFO:ML Usecase: MLUsecase.CLASSIFICATION
2026-09-15 19:12:57,146:INFO:version 3.3.2
2026-09-15 19:12:57,146:INFO:Initializing setup()
2026-09-15 19:12:57,146:INFO:self.USI: aa5a
2026-09-15 19:12:57,146:INFO:self._variable_keys: {'fold_generator', 'X', 'y', 'memory', 'target_param', 'gpu_param', 'logging_param', 'pipeline', 'X_test', 'USI', 'y_test', 'html_param', 'log_plots_param', 'X_train', '_ml_usecase', 'n_jobs_param', 'idx', 'seed', '_available_plots', 'fix_imbalance', 'data', 'y_train', 'is_multiclass', 'fold_shuffle_param', 'gpu_n_jobs_param', 'fold_groups_param', 'exp_name_log', 'exp_id'}
2026-09-15 19:12:57,146:INFO:Checking environment
2026-09-15 19:12:57,146:INFO:python_version: 3.11.9
2026-09-15 19:12:57,146:INFO:python_build: ('tags/v3.11.9:de54cf5', 'Apr  2 2024 10:12:12')
2026-09-15 19:12:57,146:INFO:machine: AMD64
2026-09-15 19:12:57,183:INFO:platform: Windows-10-10.0.26200-SP0
2026-09-15 19:12:57,183:INFO:Memory: svmem(total=12578578432, available=1453056000, percent=88.4, used=11125522432, free=1453056000)
2026-09-15 19:12:57,183:INFO:Physical Core: 8
2026-09-15 19:12:57,183:INFO:Logical Core: 12
2026-09-15 19:12:57,183:INFO:Checking libraries
2026-09-15 19:12:57,183:INFO:System:
2026-09-15 19:12:57,183:INFO:    python: 3.11.9 (tags/v3.11.9:de54cf5, Apr  2 2024, 10:12:12) [MSC v.1938 64 bit (AMD64)]
2026-09-15 19:12:57,183:INFO:executable: C:\Users\mezzaluna anandita z\AppData\Local\Programs\Python\Python311\python.exe
2026-09-15 19:12:57,183:INFO:   machine: Windows-10-10.0.26200-SP0
2026-09-15 19:12:57,183:INFO:PyCaret required dependencies:
2026-09-15 19:12:57,196:WARNING:C:\Users\mezzaluna anandita z\AppData\Local\Programs\Python\Python311\Lib\site-packages\_distutils_hack\__init__.py:30: UserWarning: Setuptools is replacing distutils. Support for replacing an already imported distutils is deprecated. In the future, this condition will fail. Register concerns at https://github.com/pypa/setuptools/issues/new?template=distutils-deprecation.yml
  warnings.warn(

2026-09-15 19:12:57,333:INFO:                 pip: 26.2.1
2026-09-15 19:12:57,382:INFO:          setuptools: 84.0.0
2026-09-15 19:12:57,382:INFO:             pycaret: 3.3.2
2026-09-15 19:12:57,382:INFO:             IPython: 9.17.1
2026-09-15 19:12:57,382:INFO:          ipywidgets: 8.1.9
2026-09-15 19:12:57,382:INFO:                tqdm: 4.70.1
2026-09-15 19:12:57,382:INFO:               numpy: 1.26.4
2026-09-15 19:12:57,382:INFO:              pandas: 2.1.4
2026-09-15 19:12:57,382:INFO:              jinja2: 3.1.6
2026-09-15 19:12:57,382:INFO:               scipy: 1.11.4
2026-09-15 19:12:57,382:INFO:              joblib: 1.3.2
2026-09-15 19:12:57,382:INFO:             sklearn: 1.4.2
2026-09-15 19:12:57,382:INFO:                pyod: 3.4.0
2026-09-15 19:12:57,382:INFO:            imblearn: 0.14.2
2026-09-15 19:12:57,382:INFO:   category_encoders: 2.7.0
2026-09-15 19:12:57,382:INFO:            lightgbm: 4.7.0
2026-09-15 19:12:57,382:INFO:               numba: 0.67.0
2026-09-15 19:12:57,382:INFO:            requests: 2.34.2
2026-09-15 19:12:57,382:INFO:          matplotlib: 3.7.5
2026-09-15 19:12:57,382:INFO:          scikitplot: 0.3.7
2026-09-15 19:12:57,382:INFO:         yellowbrick: 1.5
2026-09-15 19:12:57,382:INFO:              plotly: 6.9.0
2026-09-15 19:12:57,382:INFO:    plotly-resampler: Not installed
2026-09-15 19:12:57,382:INFO:             kaleido: 1.4.0
2026-09-15 19:12:57,382:INFO:           schemdraw: 0.15
2026-09-15 19:12:57,382:INFO:         statsmodels: 0.15.0
2026-09-15 19:12:57,382:INFO:              sktime: 0.26.0
2026-09-15 19:12:57,382:INFO:               tbats: 1.1.3
2026-09-15 19:12:57,382:INFO:            pmdarima: 2.0.4
2026-09-15 19:12:57,382:INFO:              psutil: 7.2.2
2026-09-15 19:12:57,382:INFO:          markupsafe: 3.0.3
2026-09-15 19:12:57,382:INFO:             pickle5: Not installed
2026-09-15 19:12:57,382:INFO:         cloudpickle: 3.1.2
2026-09-15 19:12:57,382:INFO:         deprecation: 2.1.0
2026-09-15 19:12:57,382:INFO:              xxhash: 4.0.1
2026-09-15 19:12:57,382:INFO:           wurlitzer: Not installed
2026-09-15 19:12:57,382:INFO:PyCaret optional dependencies:
2026-09-15 19:12:57,394:INFO:                shap: Not installed
2026-09-15 19:12:57,394:INFO:           interpret: Not installed
2026-09-15 19:12:57,394:INFO:                umap: Not installed
2026-09-15 19:12:57,394:INFO:     ydata_profiling: Not installed
2026-09-15 19:12:57,394:INFO:  explainerdashboard: Not installed
2026-09-15 19:12:57,394:INFO:             autoviz: Not installed
2026-09-15 19:12:57,394:INFO:           fairlearn: Not installed
2026-09-15 19:12:57,394:INFO:          deepchecks: Not installed
2026-09-15 19:12:57,394:INFO:             xgboost: Not installed
2026-09-15 19:12:57,394:INFO:            catboost: Not installed
2026-09-15 19:12:57,394:INFO:              kmodes: Not installed
2026-09-15 19:12:57,394:INFO:             mlxtend: Not installed
2026-09-15 19:12:57,394:INFO:       statsforecast: Not installed
2026-09-15 19:12:57,395:INFO:        tune_sklearn: Not installed
2026-09-15 19:12:57,395:INFO:                 ray: Not installed
2026-09-15 19:12:57,395:INFO:            hyperopt: Not installed
2026-09-15 19:12:57,395:INFO:              optuna: Not installed
2026-09-15 19:12:57,395:INFO:               skopt: Not installed
2026-09-15 19:12:57,395:INFO:              mlflow: Not installed
2026-09-15 19:12:57,395:INFO:              gradio: Not installed
2026-09-15 19:12:57,395:INFO:             fastapi: Not installed
2026-09-15 19:12:57,395:INFO:             uvicorn: Not installed
2026-09-15 19:12:57,395:INFO:              m2cgen: Not installed
2026-09-15 19:12:57,395:INFO:           evidently: Not installed
2026-09-15 19:12:57,395:INFO:               fugue: Not installed
2026-09-15 19:12:57,395:INFO:           streamlit: Not installed
2026-09-15 19:12:57,395:INFO:             prophet: Not installed
2026-09-15 19:12:57,395:INFO:None
2026-09-15 19:12:57,395:INFO:Set up data.
2026-09-15 19:12:57,399:INFO:Set up folding strategy.
2026-09-15 19:12:57,399:INFO:Set up train/test split.
2026-09-15 19:12:57,404:INFO:Set up index.
2026-09-15 19:12:57,404:INFO:Assigning column types.
2026-09-15 19:12:57,408:INFO:Engine successfully changes for model 'lr' to 'sklearn'.
2026-09-15 19:12:57,490:INFO:Engine for model 'knn' has not been set explicitly, hence returning None.
2026-09-15 19:12:57,495:INFO:Engine for model 'rbfsvm' has not been set explicitly, hence returning None.
2026-09-15 19:12:57,552:WARNING:
'xgboost' is a soft dependency and not included in the pycaret installation. Please run: `pip install xgboost` to install.
Alternately, you can install this by running `pip install pycaret[models]`
2026-09-15 19:12:57,553:WARNING:
'catboost' is a soft dependency and not included in the pycaret installation. Please run: `pip install catboost` to install.
Alternately, you can install this by running `pip install pycaret[models]`
2026-09-15 19:12:57,633:INFO:Engine for model 'knn' has not been set explicitly, hence returning None.
2026-09-15 19:12:57,634:INFO:Engine for model 'rbfsvm' has not been set explicitly, hence returning None.
2026-09-15 19:12:57,682:WARNING:
'xgboost' is a soft dependency and not included in the pycaret installation. Please run: `pip install xgboost` to install.
Alternately, you can install this by running `pip install pycaret[models]`
2026-09-15 19:12:57,682:WARNING:
'catboost' is a soft dependency and not included in the pycaret installation. Please run: `pip install catboost` to install.
Alternately, you can install this by running `pip install pycaret[models]`
2026-09-15 19:12:57,683:INFO:Engine successfully changes for model 'knn' to 'sklearn'.
2026-09-15 19:12:57,747:INFO:Engine for model 'rbfsvm' has not been set explicitly, hence returning None.
2026-09-15 19:12:57,797:WARNING:
'xgboost' is a soft dependency and not included in the pycaret installation. Please run: `pip install xgboost` to install.
Alternately, you can install this by running `pip install pycaret[models]`
2026-09-15 19:12:57,798:WARNING:
'catboost' is a soft dependency and not included in the pycaret installation. Please run: `pip install catboost` to install.
Alternately, you can install this by running `pip install pycaret[models]`
2026-09-15 19:12:57,877:INFO:Engine for model 'rbfsvm' has not been set explicitly, hence returning None.
2026-09-15 19:12:57,926:WARNING:
'xgboost' is a soft dependency and not included in the pycaret installation. Please run: `pip install xgboost` to install.
Alternately, you can install this by running `pip install pycaret[models]`
2026-09-15 19:12:57,927:WARNING:
'catboost' is a soft dependency and not included in the pycaret installation. Please run: `pip install catboost` to install.
Alternately, you can install this by running `pip install pycaret[models]`
2026-09-15 19:12:57,927:INFO:Engine successfully changes for model 'rbfsvm' to 'sklearn'.
2026-09-15 19:12:58,053:WARNING:
'xgboost' is a soft dependency and not included in the pycaret installation. Please run: `pip install xgboost` to install.
Alternately, you can install this by running `pip install pycaret[models]`
2026-09-15 19:12:58,053:WARNING:
'catboost' is a soft dependency and not included in the pycaret installation. Please run: `pip install catboost` to install.
Alternately, you can install this by running `pip install pycaret[models]`
2026-09-15 19:12:58,183:WARNING:
'xgboost' is a soft dependency and not included in the pycaret installation. Please run: `pip install xgboost` to install.
Alternately, you can install this by running `pip install pycaret[models]`
2026-09-15 19:12:58,184:WARNING:
'catboost' is a soft dependency and not included in the pycaret installation. Please run: `pip install catboost` to install.
Alternately, you can install this by running `pip install pycaret[models]`
2026-09-15 19:12:58,189:INFO:Preparing preprocessing pipeline...
2026-09-15 19:12:58,190:INFO:Set up simple imputation.
2026-09-15 19:12:58,191:INFO:Set up column name cleaning.
2026-09-15 19:12:58,212:INFO:Finished creating preprocessing pipeline.
2026-09-15 19:12:58,219:INFO:Pipeline: Pipeline(memory=FastMemory(location=C:\Users\MEZZAL~1\AppData\Local\Temp\joblib),
         steps=[('numerical_imputer',
                 TransformerWrapper(exclude=None,
                                    include=['sepal length (cm)',
                                             'sepal width (cm)',
                                             'petal length (cm)',
                                             'petal width (cm)'],
                                    transformer=SimpleImputer(add_indicator=False,
                                                              copy=True,
                                                              fill_value=None,
                                                              keep_empty_features=False,
                                                              missing_values=nan,
                                                              strategy='me...
                ('categorical_imputer',
                 TransformerWrapper(exclude=None, include=[],
                                    transformer=SimpleImputer(add_indicator=False,
                                                              copy=True,
                                                              fill_value=None,
                                                              keep_empty_features=False,
                                                              missing_values=nan,
                                                              strategy='most_frequent'))),
                ('clean_column_names',
                 TransformerWrapper(exclude=None, include=None,
                                    transformer=CleanColumnNames(match='[\\]\\[\\,\\{\\}\\"\\:]+')))],
         verbose=False)
2026-09-15 19:12:58,219:INFO:Creating final display dataframe.
2026-09-15 19:12:58,290:INFO:Setup _display_container:                     Description             Value
0                    Session id                 0
1                        Target            Target
2                   Target type        Multiclass
3           Original data shape          (150, 5)
4        Transformed data shape          (150, 5)
5   Transformed train set shape          (105, 5)
6    Transformed test set shape           (45, 5)
7              Numeric features                 4
8                    Preprocess              True
9               Imputation type            simple
10           Numeric imputation              mean
11       Categorical imputation              mode
12               Fold Generator   StratifiedKFold
13                  Fold Number                10
14                     CPU Jobs                -1
15                      Use GPU             False
16               Log Experiment             False
17              Experiment Name  clf-default-name
18                          USI              aa5a
2026-09-15 19:12:58,391:WARNING:
'xgboost' is a soft dependency and not included in the pycaret installation. Please run: `pip install xgboost` to install.
Alternately, you can install this by running `pip install pycaret[models]`
2026-09-15 19:12:58,392:WARNING:
'catboost' is a soft dependency and not included in the pycaret installation. Please run: `pip install catboost` to install.
Alternately, you can install this by running `pip install pycaret[models]`
2026-09-15 19:12:58,491:WARNING:
'xgboost' is a soft dependency and not included in the pycaret installation. Please run: `pip install xgboost` to install.
Alternately, you can install this by running `pip install pycaret[models]`
2026-09-15 19:12:58,491:WARNING:
'catboost' is a soft dependency and not included in the pycaret installation. Please run: `pip install catboost` to install.
Alternately, you can install this by running `pip install pycaret[models]`
2026-09-15 19:12:58,493:INFO:setup() successfully completed in 1.5s...............
2026-09-15 19:12:58,493:INFO:Initializing compare_models()
2026-09-15 19:12:58,493:INFO:compare_models(self=<pycaret.classification.oop.ClassificationExperiment object at 0x000001C188036C90>, include=None, exclude=None, fold=None, round=4, cross_validation=True, sort=Accuracy, n_select=1, budget_time=None, turbo=True, errors=ignore, fit_kwargs=None, groups=None, experiment_custom_tags=None, probability_threshold=None, verbose=True, parallel=None, caller_params={'self': <pycaret.classification.oop.ClassificationExperiment object at 0x000001C188036C90>, 'include': None, 'exclude': None, 'fold': None, 'round': 4, 'cross_validation': True, 'sort': 'Accuracy', 'n_select': 1, 'budget_time': None, 'turbo': True, 'errors': 'ignore', 'fit_kwargs': None, 'groups': None, 'experiment_custom_tags': None, 'probability_threshold': None, 'engine': None, 'verbose': True, 'parallel': None, '__class__': <class 'pycaret.classification.oop.ClassificationExperiment'>})
2026-09-15 19:12:58,493:INFO:Checking exceptions
2026-09-15 19:12:58,496:INFO:Preparing display monitor
2026-09-15 19:12:58,557:INFO:Initializing Logistic Regression
2026-09-15 19:12:58,557:INFO:Total runtime is 0.0 minutes
2026-09-15 19:12:58,557:INFO:SubProcess create_model() called ==================================
2026-09-15 19:12:58,558:INFO:Initializing create_model()
2026-09-15 19:12:58,558:INFO:create_model(self=<pycaret.classification.oop.ClassificationExperiment object at 0x000001C188036C90>, estimator=lr, fold=StratifiedKFold(n_splits=10, random_state=None, shuffle=False), round=4, cross_validation=True, predict=True, fit_kwargs={}, groups=None, refit=False, probability_threshold=None, experiment_custom_tags=None, verbose=False, system=False, add_to_model_list=True, metrics=None, display=<pycaret.internal.display.display.CommonDisplay object at 0x000001C18D324990>, model_only=True, return_train_score=False, error_score=0.0, kwargs={})
2026-09-15 19:12:58,558:INFO:Checking exceptions
2026-09-15 19:12:58,558:INFO:Importing libraries
2026-09-15 19:12:58,558:INFO:Copying training dataset
2026-09-15 19:12:58,562:INFO:Defining folds
2026-09-15 19:12:58,562:INFO:Declaring metric variables
2026-09-15 19:12:58,563:INFO:Importing untrained model
2026-09-15 19:12:58,563:INFO:Logistic Regression Imported successfully
2026-09-15 19:12:58,563:INFO:Starting cross validation
2026-09-15 19:12:58,565:INFO:Cross validating with StratifiedKFold(n_splits=10, random_state=None, shuffle=False), n_jobs=-1
2026-09-15 19:13:08,558:WARNING:C:\Users\mezzaluna anandita z\AppData\Local\Programs\Python\Python311\Lib\site-packages\_distutils_hack\__init__.py:30: UserWarning: Setuptools is replacing distutils. Support for replacing an already imported distutils is deprecated. In the future, this condition will fail. Register concerns at https://github.com/pypa/setuptools/issues/new?template=distutils-deprecation.yml
  warnings.warn(

2026-09-15 19:13:08,561:WARNING:C:\Users\mezzaluna anandita z\AppData\Local\Programs\Python\Python311\Lib\site-packages\_distutils_hack\__init__.py:30: UserWarning: Setuptools is replacing distutils. Support for replacing an already imported distutils is deprecated. In the future, this condition will fail. Register concerns at https://github.com/pypa/setuptools/issues/new?template=distutils-deprecation.yml
  warnings.warn(

2026-09-15 19:13:08,561:WARNING:C:\Users\mezzaluna anandita z\AppData\Local\Programs\Python\Python311\Lib\site-packages\_distutils_hack\__init__.py:30: UserWarning: Setuptools is replacing distutils. Support for replacing an already imported distutils is deprecated. In the future, this condition will fail. Register concerns at https://github.com/pypa/setuptools/issues/new?template=distutils-deprecation.yml
  warnings.warn(

2026-09-15 19:13:08,561:WARNING:C:\Users\mezzaluna anandita z\AppData\Local\Programs\Python\Python311\Lib\site-packages\_distutils_hack\__init__.py:30: UserWarning: Setuptools is replacing distutils. Support for replacing an already imported distutils is deprecated. In the future, this condition will fail. Register concerns at https://github.com/pypa/setuptools/issues/new?template=distutils-deprecation.yml
  warnings.warn(

2026-09-15 19:13:08,563:WARNING:C:\Users\mezzaluna anandita z\AppData\Local\Programs\Python\Python311\Lib\site-packages\_distutils_hack\__init__.py:30: UserWarning: Setuptools is replacing distutils. Support for replacing an already imported distutils is deprecated. In the future, this condition will fail. Register concerns at https://github.com/pypa/setuptools/issues/new?template=distutils-deprecation.yml
  warnings.warn(

2026-09-15 19:13:08,563:WARNING:C:\Users\mezzaluna anandita z\AppData\Local\Programs\Python\Python311\Lib\site-packages\_distutils_hack\__init__.py:30: UserWarning: Setuptools is replacing distutils. Support for replacing an already imported distutils is deprecated. In the future, this condition will fail. Register concerns at https://github.com/pypa/setuptools/issues/new?template=distutils-deprecation.yml
  warnings.warn(

2026-09-15 19:13:08,563:WARNING:C:\Users\mezzaluna anandita z\AppData\Local\Programs\Python\Python311\Lib\site-packages\_distutils_hack\__init__.py:30: UserWarning: Setuptools is replacing distutils. Support for replacing an already imported distutils is deprecated. In the future, this condition will fail. Register concerns at https://github.com/pypa/setuptools/issues/new?template=distutils-deprecation.yml
  warnings.warn(

2026-09-15 19:13:08,563:WARNING:C:\Users\mezzaluna anandita z\AppData\Local\Programs\Python\Python311\Lib\site-packages\_distutils_hack\__init__.py:30: UserWarning: Setuptools is replacing distutils. Support for replacing an already imported distutils is deprecated. In the future, this condition will fail. Register concerns at https://github.com/pypa/setuptools/issues/new?template=distutils-deprecation.yml
  warnings.warn(

2026-09-15 19:13:08,568:WARNING:C:\Users\mezzaluna anandita z\AppData\Local\Programs\Python\Python311\Lib\site-packages\_distutils_hack\__init__.py:30: UserWarning: Setuptools is replacing distutils. Support for replacing an already imported distutils is deprecated. In the future, this condition will fail. Register concerns at https://github.com/pypa/setuptools/issues/new?template=distutils-deprecation.yml
  warnings.warn(

2026-09-15 19:13:08,570:WARNING:C:\Users\mezzaluna anandita z\AppData\Local\Programs\Python\Python311\Lib\site-packages\_distutils_hack\__init__.py:30: UserWarning: Setuptools is replacing distutils. Support for replacing an already imported distutils is deprecated. In the future, this condition will fail. Register concerns at https://github.com/pypa/setuptools/issues/new?template=distutils-deprecation.yml
  warnings.warn(

2026-09-15 19:13:09,975:WARNING:C:\Users\mezzaluna anandita z\AppData\Local\Programs\Python\Python311\Lib\site-packages\pycaret\internal\metrics.py:204: FitFailedWarning: Metric 'make_scorer(roc_auc_score, response_method=('decision_function', 'predict_proba'), average=weighted, multi_class=ovr)' failed and error score 0.0 has been returned instead. If this is a custom metric, this usually means that the error is in the metric code. Full exception below:
Traceback (most recent call last):
  File "C:\Users\mezzaluna anandita z\AppData\Local\Programs\Python\Python311\Lib\site-packages\pycaret\internal\metrics.py", line 196, in _score
    return super()._score(
           ^^^^^^^^^^^^^^^
  File "C:\Users\mezzaluna anandita z\AppData\Local\Programs\Python\Python311\Lib\site-packages\sklearn\metrics\_scorer.py", line 350, in _score
    return self._sign * self._score_func(y_true, y_pred, **scoring_kwargs)
                        ^^^^^^^^^^^^^^^^^^^^^^^^^^^^^^^^^^^^^^^^^^^^^^^^^^
  File "C:\Users\mezzaluna anandita z\AppData\Local\Programs\Python\Python311\Lib\site-packages\pycaret\internal\metrics.py", line 144, in __call__
    return self.score_func(y_true, y_pred, **kwargs)
           ^^^^^^^^^^^^^^^^^^^^^^^^^^^^^^^^^^^^^^^^^
  File "C:\Users\mezzaluna anandita z\AppData\Local\Programs\Python\Python311\Lib\site-packages\sklearn\utils\_param_validation.py", line 213, in wrapper
    return func(*args, **kwargs)
           ^^^^^^^^^^^^^^^^^^^^^
  File "C:\Users\mezzaluna anandita z\AppData\Local\Programs\Python\Python311\Lib\site-packages\sklearn\metrics\_ranking.py", line 634, in roc_auc_score
    return _multiclass_roc_auc_score(
           ^^^^^^^^^^^^^^^^^^^^^^^^^^
  File "C:\Users\mezzaluna anandita z\AppData\Local\Programs\Python\Python311\Lib\site-packages\sklearn\metrics\_ranking.py", line 707, in _multiclass_roc_auc_score
    raise ValueError(
ValueError: Target scores need to be probabilities for multiclass roc_auc, i.e. they should sum up to 1.0 over classes

  warnings.warn(

2026-09-15 19:13:09,975:WARNING:C:\Users\mezzaluna anandita z\AppData\Local\Programs\Python\Python311\Lib\site-packages\pycaret\internal\metrics.py:204: FitFailedWarning: Metric 'make_scorer(roc_auc_score, response_method=('decision_function', 'predict_proba'), average=weighted, multi_class=ovr)' failed and error score 0.0 has been returned instead. If this is a custom metric, this usually means that the error is in the metric code. Full exception below:
Traceback (most recent call last):
  File "C:\Users\mezzaluna anandita z\AppData\Local\Programs\Python\Python311\Lib\site-packages\pycaret\internal\metrics.py", line 196, in _score
    return super()._score(
           ^^^^^^^^^^^^^^^
  File "C:\Users\mezzaluna anandita z\AppData\Local\Programs\Python\Python311\Lib\site-packages\sklearn\metrics\_scorer.py", line 350, in _score
    return self._sign * self._score_func(y_true, y_pred, **scoring_kwargs)
                        ^^^^^^^^^^^^^^^^^^^^^^^^^^^^^^^^^^^^^^^^^^^^^^^^^^
  File "C:\Users\mezzaluna anandita z\AppData\Local\Programs\Python\Python311\Lib\site-packages\pycaret\internal\metrics.py", line 144, in __call__
    return self.score_func(y_true, y_pred, **kwargs)
           ^^^^^^^^^^^^^^^^^^^^^^^^^^^^^^^^^^^^^^^^^
  File "C:\Users\mezzaluna anandita z\AppData\Local\Programs\Python\Python311\Lib\site-packages\sklearn\utils\_param_validation.py", line 213, in wrapper
    return func(*args, **kwargs)
           ^^^^^^^^^^^^^^^^^^^^^
  File "C:\Users\mezzaluna anandita z\AppData\Local\Programs\Python\Python311\Lib\site-packages\sklearn\metrics\_ranking.py", line 634, in roc_auc_score
    return _multiclass_roc_auc_score(
           ^^^^^^^^^^^^^^^^^^^^^^^^^^
  File "C:\Users\mezzaluna anandita z\AppData\Local\Programs\Python\Python311\Lib\site-packages\sklearn\metrics\_ranking.py", line 707, in _multiclass_roc_auc_score
    raise ValueError(
ValueError: Target scores need to be probabilities for multiclass roc_auc, i.e. they should sum up to 1.0 over classes

  warnings.warn(

2026-09-15 19:13:09,977:WARNING:C:\Users\mezzaluna anandita z\AppData\Local\Programs\Python\Python311\Lib\site-packages\pycaret\internal\metrics.py:204: FitFailedWarning: Metric 'make_scorer(roc_auc_score, response_method=('decision_function', 'predict_proba'), average=weighted, multi_class=ovr)' failed and error score 0.0 has been returned instead. If this is a custom metric, this usually means that the error is in the metric code. Full exception below:
Traceback (most recent call last):
  File "C:\Users\mezzaluna anandita z\AppData\Local\Programs\Python\Python311\Lib\site-packages\pycaret\internal\metrics.py", line 196, in _score
    return super()._score(
           ^^^^^^^^^^^^^^^
  File "C:\Users\mezzaluna anandita z\AppData\Local\Programs\Python\Python311\Lib\site-packages\sklearn\metrics\_scorer.py", line 350, in _score
    return self._sign * self._score_func(y_true, y_pred, **scoring_kwargs)
                        ^^^^^^^^^^^^^^^^^^^^^^^^^^^^^^^^^^^^^^^^^^^^^^^^^^
  File "C:\Users\mezzaluna anandita z\AppData\Local\Programs\Python\Python311\Lib\site-packages\pycaret\internal\metrics.py", line 144, in __call__
    return self.score_func(y_true, y_pred, **kwargs)
           ^^^^^^^^^^^^^^^^^^^^^^^^^^^^^^^^^^^^^^^^^
  File "C:\Users\mezzaluna anandita z\AppData\Local\Programs\Python\Python311\Lib\site-packages\sklearn\utils\_param_validation.py", line 213, in wrapper
    return func(*args, **kwargs)
           ^^^^^^^^^^^^^^^^^^^^^
  File "C:\Users\mezzaluna anandita z\AppData\Local\Programs\Python\Python311\Lib\site-packages\sklearn\metrics\_ranking.py", line 634, in roc_auc_score
    return _multiclass_roc_auc_score(
           ^^^^^^^^^^^^^^^^^^^^^^^^^^
  File "C:\Users\mezzaluna anandita z\AppData\Local\Programs\Python\Python311\Lib\site-packages\sklearn\metrics\_ranking.py", line 707, in _multiclass_roc_auc_score
    raise ValueError(
ValueError: Target scores need to be probabilities for multiclass roc_auc, i.e. they should sum up to 1.0 over classes

  warnings.warn(

2026-09-15 19:13:09,977:WARNING:C:\Users\mezzaluna anandita z\AppData\Local\Programs\Python\Python311\Lib\site-packages\pycaret\internal\metrics.py:204: FitFailedWarning: Metric 'make_scorer(roc_auc_score, response_method=('decision_function', 'predict_proba'), average=weighted, multi_class=ovr)' failed and error score 0.0 has been returned instead. If this is a custom metric, this usually means that the error is in the metric code. Full exception below:
Traceback (most recent call last):
  File "C:\Users\mezzaluna anandita z\AppData\Local\Programs\Python\Python311\Lib\site-packages\pycaret\internal\metrics.py", line 196, in _score
    return super()._score(
           ^^^^^^^^^^^^^^^
  File "C:\Users\mezzaluna anandita z\AppData\Local\Programs\Python\Python311\Lib\site-packages\sklearn\metrics\_scorer.py", line 350, in _score
    return self._sign * self._score_func(y_true, y_pred, **scoring_kwargs)
                        ^^^^^^^^^^^^^^^^^^^^^^^^^^^^^^^^^^^^^^^^^^^^^^^^^^
  File "C:\Users\mezzaluna anandita z\AppData\Local\Programs\Python\Python311\Lib\site-packages\pycaret\internal\metrics.py", line 144, in __call__
    return self.score_func(y_true, y_pred, **kwargs)
           ^^^^^^^^^^^^^^^^^^^^^^^^^^^^^^^^^^^^^^^^^
  File "C:\Users\mezzaluna anandita z\AppData\Local\Programs\Python\Python311\Lib\site-packages\sklearn\utils\_param_validation.py", line 213, in wrapper
    return func(*args, **kwargs)
           ^^^^^^^^^^^^^^^^^^^^^
  File "C:\Users\mezzaluna anandita z\AppData\Local\Programs\Python\Python311\Lib\site-packages\sklearn\metrics\_ranking.py", line 634, in roc_auc_score
    return _multiclass_roc_auc_score(
           ^^^^^^^^^^^^^^^^^^^^^^^^^^
  File "C:\Users\mezzaluna anandita z\AppData\Local\Programs\Python\Python311\Lib\site-packages\sklearn\metrics\_ranking.py", line 707, in _multiclass_roc_auc_score
    raise ValueError(
ValueError: Target scores need to be probabilities for multiclass roc_auc, i.e. they should sum up to 1.0 over classes

  warnings.warn(

2026-09-15 19:13:09,978:WARNING:C:\Users\mezzaluna anandita z\AppData\Local\Programs\Python\Python311\Lib\site-packages\pycaret\internal\metrics.py:204: FitFailedWarning: Metric 'make_scorer(roc_auc_score, response_method=('decision_function', 'predict_proba'), average=weighted, multi_class=ovr)' failed and error score 0.0 has been returned instead. If this is a custom metric, this usually means that the error is in the metric code. Full exception below:
Traceback (most recent call last):
  File "C:\Users\mezzaluna anandita z\AppData\Local\Programs\Python\Python311\Lib\site-packages\pycaret\internal\metrics.py", line 196, in _score
    return super()._score(
           ^^^^^^^^^^^^^^^
  File "C:\Users\mezzaluna anandita z\AppData\Local\Programs\Python\Python311\Lib\site-packages\sklearn\metrics\_scorer.py", line 350, in _score
    return self._sign * self._score_func(y_true, y_pred, **scoring_kwargs)
                        ^^^^^^^^^^^^^^^^^^^^^^^^^^^^^^^^^^^^^^^^^^^^^^^^^^
  File "C:\Users\mezzaluna anandita z\AppData\Local\Programs\Python\Python311\Lib\site-packages\pycaret\internal\metrics.py", line 144, in __call__
    return self.score_func(y_true, y_pred, **kwargs)
           ^^^^^^^^^^^^^^^^^^^^^^^^^^^^^^^^^^^^^^^^^
  File "C:\Users\mezzaluna anandita z\AppData\Local\Programs\Python\Python311\Lib\site-packages\sklearn\utils\_param_validation.py", line 213, in wrapper
    return func(*args, **kwargs)
           ^^^^^^^^^^^^^^^^^^^^^
  File "C:\Users\mezzaluna anandita z\AppData\Local\Programs\Python\Python311\Lib\site-packages\sklearn\metrics\_ranking.py", line 634, in roc_auc_score
    return _multiclass_roc_auc_score(
           ^^^^^^^^^^^^^^^^^^^^^^^^^^
  File "C:\Users\mezzaluna anandita z\AppData\Local\Programs\Python\Python311\Lib\site-packages\sklearn\metrics\_ranking.py", line 707, in _multiclass_roc_auc_score
    raise ValueError(
ValueError: Target scores need to be probabilities for multiclass roc_auc, i.e. they should sum up to 1.0 over classes

  warnings.warn(

2026-09-15 19:13:09,979:WARNING:C:\Users\mezzaluna anandita z\AppData\Local\Programs\Python\Python311\Lib\site-packages\pycaret\internal\metrics.py:204: FitFailedWarning: Metric 'make_scorer(roc_auc_score, response_method=('decision_function', 'predict_proba'), average=weighted, multi_class=ovr)' failed and error score 0.0 has been returned instead. If this is a custom metric, this usually means that the error is in the metric code. Full exception below:
Traceback (most recent call last):
  File "C:\Users\mezzaluna anandita z\AppData\Local\Programs\Python\Python311\Lib\site-packages\pycaret\internal\metrics.py", line 196, in _score
    return super()._score(
           ^^^^^^^^^^^^^^^
  File "C:\Users\mezzaluna anandita z\AppData\Local\Programs\Python\Python311\Lib\site-packages\sklearn\metrics\_scorer.py", line 350, in _score
    return self._sign * self._score_func(y_true, y_pred, **scoring_kwargs)
                        ^^^^^^^^^^^^^^^^^^^^^^^^^^^^^^^^^^^^^^^^^^^^^^^^^^
  File "C:\Users\mezzaluna anandita z\AppData\Local\Programs\Python\Python311\Lib\site-packages\pycaret\internal\metrics.py", line 144, in __call__
    return self.score_func(y_true, y_pred, **kwargs)
           ^^^^^^^^^^^^^^^^^^^^^^^^^^^^^^^^^^^^^^^^^
  File "C:\Users\mezzaluna anandita z\AppData\Local\Programs\Python\Python311\Lib\site-packages\sklearn\utils\_param_validation.py", line 213, in wrapper
    return func(*args, **kwargs)
           ^^^^^^^^^^^^^^^^^^^^^
  File "C:\Users\mezzaluna anandita z\AppData\Local\Programs\Python\Python311\Lib\site-packages\sklearn\metrics\_ranking.py", line 634, in roc_auc_score
    return _multiclass_roc_auc_score(
           ^^^^^^^^^^^^^^^^^^^^^^^^^^
  File "C:\Users\mezzaluna anandita z\AppData\Local\Programs\Python\Python311\Lib\site-packages\sklearn\metrics\_ranking.py", line 707, in _multiclass_roc_auc_score
    raise ValueError(
ValueError: Target scores need to be probabilities for multiclass roc_auc, i.e. they should sum up to 1.0 over classes

  warnings.warn(

2026-09-15 19:13:09,981:WARNING:C:\Users\mezzaluna anandita z\AppData\Local\Programs\Python\Python311\Lib\site-packages\pycaret\internal\metrics.py:204: FitFailedWarning: Metric 'make_scorer(roc_auc_score, response_method=('decision_function', 'predict_proba'), average=weighted, multi_class=ovr)' failed and error score 0.0 has been returned instead. If this is a custom metric, this usually means that the error is in the metric code. Full exception below:
Traceback (most recent call last):
  File "C:\Users\mezzaluna anandita z\AppData\Local\Programs\Python\Python311\Lib\site-packages\pycaret\internal\metrics.py", line 196, in _score
    return super()._score(
           ^^^^^^^^^^^^^^^
  File "C:\Users\mezzaluna anandita z\AppData\Local\Programs\Python\Python311\Lib\site-packages\sklearn\metrics\_scorer.py", line 350, in _score
    return self._sign * self._score_func(y_true, y_pred, **scoring_kwargs)
                        ^^^^^^^^^^^^^^^^^^^^^^^^^^^^^^^^^^^^^^^^^^^^^^^^^^
  File "C:\Users\mezzaluna anandita z\AppData\Local\Programs\Python\Python311\Lib\site-packages\pycaret\internal\metrics.py", line 144, in __call__
    return self.score_func(y_true, y_pred, **kwargs)
           ^^^^^^^^^^^^^^^^^^^^^^^^^^^^^^^^^^^^^^^^^
  File "C:\Users\mezzaluna anandita z\AppData\Local\Programs\Python\Python311\Lib\site-packages\sklearn\utils\_param_validation.py", line 213, in wrapper
    return func(*args, **kwargs)
           ^^^^^^^^^^^^^^^^^^^^^
  File "C:\Users\mezzaluna anandita z\AppData\Local\Programs\Python\Python311\Lib\site-packages\sklearn\metrics\_ranking.py", line 634, in roc_auc_score
    return _multiclass_roc_auc_score(
           ^^^^^^^^^^^^^^^^^^^^^^^^^^
  File "C:\Users\mezzaluna anandita z\AppData\Local\Programs\Python\Python311\Lib\site-packages\sklearn\metrics\_ranking.py", line 707, in _multiclass_roc_auc_score
    raise ValueError(
ValueError: Target scores need to be probabilities for multiclass roc_auc, i.e. they should sum up to 1.0 over classes

  warnings.warn(

2026-09-15 19:13:09,987:WARNING:C:\Users\mezzaluna anandita z\AppData\Local\Programs\Python\Python311\Lib\site-packages\pycaret\internal\metrics.py:204: FitFailedWarning: Metric 'make_scorer(roc_auc_score, response_method=('decision_function', 'predict_proba'), average=weighted, multi_class=ovr)' failed and error score 0.0 has been returned instead. If this is a custom metric, this usually means that the error is in the metric code. Full exception below:
Traceback (most recent call last):
  File "C:\Users\mezzaluna anandita z\AppData\Local\Programs\Python\Python311\Lib\site-packages\pycaret\internal\metrics.py", line 196, in _score
    return super()._score(
           ^^^^^^^^^^^^^^^
  File "C:\Users\mezzaluna anandita z\AppData\Local\Programs\Python\Python311\Lib\site-packages\sklearn\metrics\_scorer.py", line 350, in _score
    return self._sign * self._score_func(y_true, y_pred, **scoring_kwargs)
                        ^^^^^^^^^^^^^^^^^^^^^^^^^^^^^^^^^^^^^^^^^^^^^^^^^^
  File "C:\Users\mezzaluna anandita z\AppData\Local\Programs\Python\Python311\Lib\site-packages\pycaret\internal\metrics.py", line 144, in __call__
    return self.score_func(y_true, y_pred, **kwargs)
           ^^^^^^^^^^^^^^^^^^^^^^^^^^^^^^^^^^^^^^^^^
  File "C:\Users\mezzaluna anandita z\AppData\Local\Programs\Python\Python311\Lib\site-packages\sklearn\utils\_param_validation.py", line 213, in wrapper
    return func(*args, **kwargs)
           ^^^^^^^^^^^^^^^^^^^^^
  File "C:\Users\mezzaluna anandita z\AppData\Local\Programs\Python\Python311\Lib\site-packages\sklearn\metrics\_ranking.py", line 634, in roc_auc_score
    return _multiclass_roc_auc_score(
           ^^^^^^^^^^^^^^^^^^^^^^^^^^
  File "C:\Users\mezzaluna anandita z\AppData\Local\Programs\Python\Python311\Lib\site-packages\sklearn\metrics\_ranking.py", line 707, in _multiclass_roc_auc_score
    raise ValueError(
ValueError: Target scores need to be probabilities for multiclass roc_auc, i.e. they should sum up to 1.0 over classes

  warnings.warn(

2026-09-15 19:13:10,084:WARNING:C:\Users\mezzaluna anandita z\AppData\Local\Programs\Python\Python311\Lib\site-packages\pycaret\internal\metrics.py:204: FitFailedWarning: Metric 'make_scorer(roc_auc_score, response_method=('decision_function', 'predict_proba'), average=weighted, multi_class=ovr)' failed and error score 0.0 has been returned instead. If this is a custom metric, this usually means that the error is in the metric code. Full exception below:
Traceback (most recent call last):
  File "C:\Users\mezzaluna anandita z\AppData\Local\Programs\Python\Python311\Lib\site-packages\pycaret\internal\metrics.py", line 196, in _score
    return super()._score(
           ^^^^^^^^^^^^^^^
  File "C:\Users\mezzaluna anandita z\AppData\Local\Programs\Python\Python311\Lib\site-packages\sklearn\metrics\_scorer.py", line 350, in _score
    return self._sign * self._score_func(y_true, y_pred, **scoring_kwargs)
                        ^^^^^^^^^^^^^^^^^^^^^^^^^^^^^^^^^^^^^^^^^^^^^^^^^^
  File "C:\Users\mezzaluna anandita z\AppData\Local\Programs\Python\Python311\Lib\site-packages\pycaret\internal\metrics.py", line 144, in __call__
    return self.score_func(y_true, y_pred, **kwargs)
           ^^^^^^^^^^^^^^^^^^^^^^^^^^^^^^^^^^^^^^^^^
  File "C:\Users\mezzaluna anandita z\AppData\Local\Programs\Python\Python311\Lib\site-packages\sklearn\utils\_param_validation.py", line 213, in wrapper
    return func(*args, **kwargs)
           ^^^^^^^^^^^^^^^^^^^^^
  File "C:\Users\mezzaluna anandita z\AppData\Local\Programs\Python\Python311\Lib\site-packages\sklearn\metrics\_ranking.py", line 634, in roc_auc_score
    return _multiclass_roc_auc_score(
           ^^^^^^^^^^^^^^^^^^^^^^^^^^
  File "C:\Users\mezzaluna anandita z\AppData\Local\Programs\Python\Python311\Lib\site-packages\sklearn\metrics\_ranking.py", line 707, in _multiclass_roc_auc_score
    raise ValueError(
ValueError: Target scores need to be probabilities for multiclass roc_auc, i.e. they should sum up to 1.0 over classes

  warnings.warn(

2026-09-15 19:13:10,147:INFO:Calculating mean and std
2026-09-15 19:13:10,159:INFO:Creating metrics dataframe
2026-09-15 19:13:10,167:INFO:Uploading results into container
2026-09-15 19:13:10,173:INFO:Uploading model into container now
2026-09-15 19:13:10,173:INFO:_master_model_container: 1
2026-09-15 19:13:10,173:INFO:_display_container: 2
2026-09-15 19:13:10,181:INFO:LogisticRegression(C=1.0, class_weight=None, dual=False, fit_intercept=True,
                   intercept_scaling=1, l1_ratio=None, max_iter=1000,
                   multi_class='auto', n_jobs=None, penalty='l2',
                   random_state=0, solver='lbfgs', tol=0.0001, verbose=0,
                   warm_start=False)
2026-09-15 19:13:10,182:INFO:create_model() successfully completed......................................
2026-09-15 19:13:10,330:INFO:SubProcess create_model() end ==================================
2026-09-15 19:13:10,330:INFO:Creating metrics dataframe
2026-09-15 19:13:10,334:INFO:Initializing K Neighbors Classifier
2026-09-15 19:13:10,334:INFO:Total runtime is 0.1962940533955892 minutes
2026-09-15 19:13:10,334:INFO:SubProcess create_model() called ==================================
2026-09-15 19:13:10,335:INFO:Initializing create_model()
2026-09-15 19:13:10,335:INFO:create_model(self=<pycaret.classification.oop.ClassificationExperiment object at 0x000001C188036C90>, estimator=knn, fold=StratifiedKFold(n_splits=10, random_state=None, shuffle=False), round=4, cross_validation=True, predict=True, fit_kwargs={}, groups=None, refit=False, probability_threshold=None, experiment_custom_tags=None, verbose=False, system=False, add_to_model_list=True, metrics=None, display=<pycaret.internal.display.display.CommonDisplay object at 0x000001C18D324990>, model_only=True, return_train_score=False, error_score=0.0, kwargs={})
2026-09-15 19:13:10,335:INFO:Checking exceptions
2026-09-15 19:13:10,335:INFO:Importing libraries
2026-09-15 19:13:10,335:INFO:Copying training dataset
2026-09-15 19:13:10,338:INFO:Defining folds
2026-09-15 19:13:10,339:INFO:Declaring metric variables
2026-09-15 19:13:10,339:INFO:Importing untrained model
2026-09-15 19:13:10,339:INFO:K Neighbors Classifier Imported successfully
2026-09-15 19:13:10,339:INFO:Starting cross validation
2026-09-15 19:13:10,340:INFO:Cross validating with StratifiedKFold(n_splits=10, random_state=None, shuffle=False), n_jobs=-1
2026-09-15 19:13:14,183:WARNING:C:\Users\mezzaluna anandita z\AppData\Local\Programs\Python\Python311\Lib\site-packages\_distutils_hack\__init__.py:30: UserWarning: Setuptools is replacing distutils. Support for replacing an already imported distutils is deprecated. In the future, this condition will fail. Register concerns at https://github.com/pypa/setuptools/issues/new?template=distutils-deprecation.yml
  warnings.warn(

2026-09-15 19:13:14,775:INFO:Calculating mean and std
2026-09-15 19:13:14,779:INFO:Creating metrics dataframe
2026-09-15 19:13:14,784:INFO:Uploading results into container
2026-09-15 19:13:14,785:INFO:Uploading model into container now
2026-09-15 19:13:14,788:INFO:_master_model_container: 2
2026-09-15 19:13:14,788:INFO:_display_container: 2
2026-09-15 19:13:14,789:INFO:KNeighborsClassifier(algorithm='auto', leaf_size=30, metric='minkowski',
                     metric_params=None, n_jobs=-1, n_neighbors=5, p=2,
                     weights='uniform')
2026-09-15 19:13:14,789:INFO:create_model() successfully completed......................................
2026-09-15 19:13:14,892:INFO:SubProcess create_model() end ==================================
2026-09-15 19:13:14,892:INFO:Creating metrics dataframe
2026-09-15 19:13:14,897:INFO:Initializing Naive Bayes
2026-09-15 19:13:14,897:INFO:Total runtime is 0.2723444700241089 minutes
2026-09-15 19:13:14,897:INFO:SubProcess create_model() called ==================================
2026-09-15 19:13:14,898:INFO:Initializing create_model()
2026-09-15 19:13:14,898:INFO:create_model(self=<pycaret.classification.oop.ClassificationExperiment object at 0x000001C188036C90>, estimator=nb, fold=StratifiedKFold(n_splits=10, random_state=None, shuffle=False), round=4, cross_validation=True, predict=True, fit_kwargs={}, groups=None, refit=False, probability_threshold=None, experiment_custom_tags=None, verbose=False, system=False, add_to_model_list=True, metrics=None, display=<pycaret.internal.display.display.CommonDisplay object at 0x000001C18D324990>, model_only=True, return_train_score=False, error_score=0.0, kwargs={})
2026-09-15 19:13:14,898:INFO:Checking exceptions
2026-09-15 19:13:14,898:INFO:Importing libraries
2026-09-15 19:13:14,898:INFO:Copying training dataset
2026-09-15 19:13:14,901:INFO:Defining folds
2026-09-15 19:13:14,901:INFO:Declaring metric variables
2026-09-15 19:13:14,902:INFO:Importing untrained model
2026-09-15 19:13:14,902:INFO:Naive Bayes Imported successfully
2026-09-15 19:13:14,902:INFO:Starting cross validation
2026-09-15 19:13:14,903:INFO:Cross validating with StratifiedKFold(n_splits=10, random_state=None, shuffle=False), n_jobs=-1
2026-09-15 19:13:15,032:INFO:Calculating mean and std
2026-09-15 19:13:15,033:INFO:Creating metrics dataframe
2026-09-15 19:13:15,035:INFO:Uploading results into container
2026-09-15 19:13:15,035:INFO:Uploading model into container now
2026-09-15 19:13:15,035:INFO:_master_model_container: 3
2026-09-15 19:13:15,035:INFO:_display_container: 2
2026-09-15 19:13:15,037:INFO:GaussianNB(priors=None, var_smoothing=1e-09)
2026-09-15 19:13:15,037:INFO:create_model() successfully completed......................................
2026-09-15 19:13:15,115:INFO:SubProcess create_model() end ==================================
2026-09-15 19:13:15,117:INFO:Creating metrics dataframe
2026-09-15 19:13:15,119:INFO:Initializing Decision Tree Classifier
2026-09-15 19:13:15,120:INFO:Total runtime is 0.27603217363357546 minutes
2026-09-15 19:13:15,120:INFO:SubProcess create_model() called ==================================
2026-09-15 19:13:15,120:INFO:Initializing create_model()
2026-09-15 19:13:15,120:INFO:create_model(self=<pycaret.classification.oop.ClassificationExperiment object at 0x000001C188036C90>, estimator=dt, fold=StratifiedKFold(n_splits=10, random_state=None, shuffle=False), round=4, cross_validation=True, predict=True, fit_kwargs={}, groups=None, refit=False, probability_threshold=None, experiment_custom_tags=None, verbose=False, system=False, add_to_model_list=True, metrics=None, display=<pycaret.internal.display.display.CommonDisplay object at 0x000001C18D324990>, model_only=True, return_train_score=False, error_score=0.0, kwargs={})
2026-09-15 19:13:15,120:INFO:Checking exceptions
2026-09-15 19:13:15,120:INFO:Importing libraries
2026-09-15 19:13:15,120:INFO:Copying training dataset
2026-09-15 19:13:15,124:INFO:Defining folds
2026-09-15 19:13:15,124:INFO:Declaring metric variables
2026-09-15 19:13:15,124:INFO:Importing untrained model
2026-09-15 19:13:15,124:INFO:Decision Tree Classifier Imported successfully
2026-09-15 19:13:15,124:INFO:Starting cross validation
2026-09-15 19:13:15,125:INFO:Cross validating with StratifiedKFold(n_splits=10, random_state=None, shuffle=False), n_jobs=-1
2026-09-15 19:13:15,245:INFO:Calculating mean and std
2026-09-15 19:13:15,246:INFO:Creating metrics dataframe
2026-09-15 19:13:15,249:INFO:Uploading results into container
2026-09-15 19:13:15,251:INFO:Uploading model into container now
2026-09-15 19:13:15,252:INFO:_master_model_container: 4
2026-09-15 19:13:15,252:INFO:_display_container: 2
2026-09-15 19:13:15,253:INFO:DecisionTreeClassifier(ccp_alpha=0.0, class_weight=None, criterion='gini',
                       max_depth=None, max_features=None, max_leaf_nodes=None,
                       min_impurity_decrease=0.0, min_samples_leaf=1,
                       min_samples_split=2, min_weight_fraction_leaf=0.0,
                       monotonic_cst=None, random_state=0, splitter='best')
2026-09-15 19:13:15,253:INFO:create_model() successfully completed......................................
2026-09-15 19:13:15,346:INFO:SubProcess create_model() end ==================================
2026-09-15 19:13:15,346:INFO:Creating metrics dataframe
2026-09-15 19:13:15,349:INFO:Initializing SVM - Linear Kernel
2026-09-15 19:13:15,349:INFO:Total runtime is 0.2798700173695882 minutes
2026-09-15 19:13:15,349:INFO:SubProcess create_model() called ==================================
2026-09-15 19:13:15,350:INFO:Initializing create_model()
2026-09-15 19:13:15,350:INFO:create_model(self=<pycaret.classification.oop.ClassificationExperiment object at 0x000001C188036C90>, estimator=svm, fold=StratifiedKFold(n_splits=10, random_state=None, shuffle=False), round=4, cross_validation=True, predict=True, fit_kwargs={}, groups=None, refit=False, probability_threshold=None, experiment_custom_tags=None, verbose=False, system=False, add_to_model_list=True, metrics=None, display=<pycaret.internal.display.display.CommonDisplay object at 0x000001C18D324990>, model_only=True, return_train_score=False, error_score=0.0, kwargs={})
2026-09-15 19:13:15,350:INFO:Checking exceptions
2026-09-15 19:13:15,350:INFO:Importing libraries
2026-09-15 19:13:15,350:INFO:Copying training dataset
2026-09-15 19:13:15,353:INFO:Defining folds
2026-09-15 19:13:15,353:INFO:Declaring metric variables
2026-09-15 19:13:15,354:INFO:Importing untrained model
2026-09-15 19:13:15,354:INFO:SVM - Linear Kernel Imported successfully
2026-09-15 19:13:15,354:INFO:Starting cross validation
2026-09-15 19:13:15,355:INFO:Cross validating with StratifiedKFold(n_splits=10, random_state=None, shuffle=False), n_jobs=-1
2026-09-15 19:13:15,467:WARNING:C:\Users\mezzaluna anandita z\AppData\Local\Programs\Python\Python311\Lib\site-packages\pycaret\internal\metrics.py:204: FitFailedWarning: Metric 'make_scorer(roc_auc_score, response_method=('decision_function', 'predict_proba'), average=weighted, multi_class=ovr)' failed and error score 0.0 has been returned instead. If this is a custom metric, this usually means that the error is in the metric code. Full exception below:
Traceback (most recent call last):
  File "C:\Users\mezzaluna anandita z\AppData\Local\Programs\Python\Python311\Lib\site-packages\pycaret\internal\metrics.py", line 196, in _score
    return super()._score(
           ^^^^^^^^^^^^^^^
  File "C:\Users\mezzaluna anandita z\AppData\Local\Programs\Python\Python311\Lib\site-packages\sklearn\metrics\_scorer.py", line 350, in _score
    return self._sign * self._score_func(y_true, y_pred, **scoring_kwargs)
                        ^^^^^^^^^^^^^^^^^^^^^^^^^^^^^^^^^^^^^^^^^^^^^^^^^^
  File "C:\Users\mezzaluna anandita z\AppData\Local\Programs\Python\Python311\Lib\site-packages\pycaret\internal\metrics.py", line 144, in __call__
    return self.score_func(y_true, y_pred, **kwargs)
           ^^^^^^^^^^^^^^^^^^^^^^^^^^^^^^^^^^^^^^^^^
  File "C:\Users\mezzaluna anandita z\AppData\Local\Programs\Python\Python311\Lib\site-packages\sklearn\utils\_param_validation.py", line 213, in wrapper
    return func(*args, **kwargs)
           ^^^^^^^^^^^^^^^^^^^^^
  File "C:\Users\mezzaluna anandita z\AppData\Local\Programs\Python\Python311\Lib\site-packages\sklearn\metrics\_ranking.py", line 634, in roc_auc_score
    return _multiclass_roc_auc_score(
           ^^^^^^^^^^^^^^^^^^^^^^^^^^
  File "C:\Users\mezzaluna anandita z\AppData\Local\Programs\Python\Python311\Lib\site-packages\sklearn\metrics\_ranking.py", line 707, in _multiclass_roc_auc_score
    raise ValueError(
ValueError: Target scores need to be probabilities for multiclass roc_auc, i.e. they should sum up to 1.0 over classes

  warnings.warn(

2026-09-15 19:13:15,468:WARNING:C:\Users\mezzaluna anandita z\AppData\Local\Programs\Python\Python311\Lib\site-packages\pycaret\internal\metrics.py:204: FitFailedWarning: Metric 'make_scorer(roc_auc_score, response_method=('decision_function', 'predict_proba'), average=weighted, multi_class=ovr)' failed and error score 0.0 has been returned instead. If this is a custom metric, this usually means that the error is in the metric code. Full exception below:
Traceback (most recent call last):
  File "C:\Users\mezzaluna anandita z\AppData\Local\Programs\Python\Python311\Lib\site-packages\pycaret\internal\metrics.py", line 196, in _score
    return super()._score(
           ^^^^^^^^^^^^^^^
  File "C:\Users\mezzaluna anandita z\AppData\Local\Programs\Python\Python311\Lib\site-packages\sklearn\metrics\_scorer.py", line 350, in _score
    return self._sign * self._score_func(y_true, y_pred, **scoring_kwargs)
                        ^^^^^^^^^^^^^^^^^^^^^^^^^^^^^^^^^^^^^^^^^^^^^^^^^^
  File "C:\Users\mezzaluna anandita z\AppData\Local\Programs\Python\Python311\Lib\site-packages\pycaret\internal\metrics.py", line 144, in __call__
    return self.score_func(y_true, y_pred, **kwargs)
           ^^^^^^^^^^^^^^^^^^^^^^^^^^^^^^^^^^^^^^^^^
  File "C:\Users\mezzaluna anandita z\AppData\Local\Programs\Python\Python311\Lib\site-packages\sklearn\utils\_param_validation.py", line 213, in wrapper
    return func(*args, **kwargs)
           ^^^^^^^^^^^^^^^^^^^^^
  File "C:\Users\mezzaluna anandita z\AppData\Local\Programs\Python\Python311\Lib\site-packages\sklearn\metrics\_ranking.py", line 634, in roc_auc_score
    return _multiclass_roc_auc_score(
           ^^^^^^^^^^^^^^^^^^^^^^^^^^
  File "C:\Users\mezzaluna anandita z\AppData\Local\Programs\Python\Python311\Lib\site-packages\sklearn\metrics\_ranking.py", line 707, in _multiclass_roc_auc_score
    raise ValueError(
ValueError: Target scores need to be probabilities for multiclass roc_auc, i.e. they should sum up to 1.0 over classes

  warnings.warn(

2026-09-15 19:13:15,468:WARNING:C:\Users\mezzaluna anandita z\AppData\Local\Programs\Python\Python311\Lib\site-packages\pycaret\internal\metrics.py:204: FitFailedWarning: Metric 'make_scorer(roc_auc_score, response_method=('decision_function', 'predict_proba'), average=weighted, multi_class=ovr)' failed and error score 0.0 has been returned instead. If this is a custom metric, this usually means that the error is in the metric code. Full exception below:
Traceback (most recent call last):
  File "C:\Users\mezzaluna anandita z\AppData\Local\Programs\Python\Python311\Lib\site-packages\pycaret\internal\metrics.py", line 196, in _score
    return super()._score(
           ^^^^^^^^^^^^^^^
  File "C:\Users\mezzaluna anandita z\AppData\Local\Programs\Python\Python311\Lib\site-packages\sklearn\metrics\_scorer.py", line 350, in _score
    return self._sign * self._score_func(y_true, y_pred, **scoring_kwargs)
                        ^^^^^^^^^^^^^^^^^^^^^^^^^^^^^^^^^^^^^^^^^^^^^^^^^^
  File "C:\Users\mezzaluna anandita z\AppData\Local\Programs\Python\Python311\Lib\site-packages\pycaret\internal\metrics.py", line 144, in __call__
    return self.score_func(y_true, y_pred, **kwargs)
           ^^^^^^^^^^^^^^^^^^^^^^^^^^^^^^^^^^^^^^^^^
  File "C:\Users\mezzaluna anandita z\AppData\Local\Programs\Python\Python311\Lib\site-packages\sklearn\utils\_param_validation.py", line 213, in wrapper
    return func(*args, **kwargs)
           ^^^^^^^^^^^^^^^^^^^^^
  File "C:\Users\mezzaluna anandita z\AppData\Local\Programs\Python\Python311\Lib\site-packages\sklearn\metrics\_ranking.py", line 634, in roc_auc_score
    return _multiclass_roc_auc_score(
           ^^^^^^^^^^^^^^^^^^^^^^^^^^
  File "C:\Users\mezzaluna anandita z\AppData\Local\Programs\Python\Python311\Lib\site-packages\sklearn\metrics\_ranking.py", line 707, in _multiclass_roc_auc_score
    raise ValueError(
ValueError: Target scores need to be probabilities for multiclass roc_auc, i.e. they should sum up to 1.0 over classes

  warnings.warn(

2026-09-15 19:13:15,471:WARNING:C:\Users\mezzaluna anandita z\AppData\Local\Programs\Python\Python311\Lib\site-packages\pycaret\internal\metrics.py:204: FitFailedWarning: Metric 'make_scorer(roc_auc_score, response_method=('decision_function', 'predict_proba'), average=weighted, multi_class=ovr)' failed and error score 0.0 has been returned instead. If this is a custom metric, this usually means that the error is in the metric code. Full exception below:
Traceback (most recent call last):
  File "C:\Users\mezzaluna anandita z\AppData\Local\Programs\Python\Python311\Lib\site-packages\pycaret\internal\metrics.py", line 196, in _score
    return super()._score(
           ^^^^^^^^^^^^^^^
  File "C:\Users\mezzaluna anandita z\AppData\Local\Programs\Python\Python311\Lib\site-packages\sklearn\metrics\_scorer.py", line 350, in _score
    return self._sign * self._score_func(y_true, y_pred, **scoring_kwargs)
                        ^^^^^^^^^^^^^^^^^^^^^^^^^^^^^^^^^^^^^^^^^^^^^^^^^^
  File "C:\Users\mezzaluna anandita z\AppData\Local\Programs\Python\Python311\Lib\site-packages\pycaret\internal\metrics.py", line 144, in __call__
    return self.score_func(y_true, y_pred, **kwargs)
           ^^^^^^^^^^^^^^^^^^^^^^^^^^^^^^^^^^^^^^^^^
  File "C:\Users\mezzaluna anandita z\AppData\Local\Programs\Python\Python311\Lib\site-packages\sklearn\utils\_param_validation.py", line 213, in wrapper
    return func(*args, **kwargs)
           ^^^^^^^^^^^^^^^^^^^^^
  File "C:\Users\mezzaluna anandita z\AppData\Local\Programs\Python\Python311\Lib\site-packages\sklearn\metrics\_ranking.py", line 634, in roc_auc_score
    return _multiclass_roc_auc_score(
           ^^^^^^^^^^^^^^^^^^^^^^^^^^
  File "C:\Users\mezzaluna anandita z\AppData\Local\Programs\Python\Python311\Lib\site-packages\sklearn\metrics\_ranking.py", line 707, in _multiclass_roc_auc_score
    raise ValueError(
ValueError: Target scores need to be probabilities for multiclass roc_auc, i.e. they should sum up to 1.0 over classes

  warnings.warn(

2026-09-15 19:13:15,473:WARNING:C:\Users\mezzaluna anandita z\AppData\Local\Programs\Python\Python311\Lib\site-packages\pycaret\internal\metrics.py:204: FitFailedWarning: Metric 'make_scorer(roc_auc_score, response_method=('decision_function', 'predict_proba'), average=weighted, multi_class=ovr)' failed and error score 0.0 has been returned instead. If this is a custom metric, this usually means that the error is in the metric code. Full exception below:
Traceback (most recent call last):
  File "C:\Users\mezzaluna anandita z\AppData\Local\Programs\Python\Python311\Lib\site-packages\pycaret\internal\metrics.py", line 196, in _score
    return super()._score(
           ^^^^^^^^^^^^^^^
  File "C:\Users\mezzaluna anandita z\AppData\Local\Programs\Python\Python311\Lib\site-packages\sklearn\metrics\_scorer.py", line 350, in _score
    return self._sign * self._score_func(y_true, y_pred, **scoring_kwargs)
                        ^^^^^^^^^^^^^^^^^^^^^^^^^^^^^^^^^^^^^^^^^^^^^^^^^^
  File "C:\Users\mezzaluna anandita z\AppData\Local\Programs\Python\Python311\Lib\site-packages\pycaret\internal\metrics.py", line 144, in __call__
    return self.score_func(y_true, y_pred, **kwargs)
           ^^^^^^^^^^^^^^^^^^^^^^^^^^^^^^^^^^^^^^^^^
  File "C:\Users\mezzaluna anandita z\AppData\Local\Programs\Python\Python311\Lib\site-packages\sklearn\utils\_param_validation.py", line 213, in wrapper
    return func(*args, **kwargs)
           ^^^^^^^^^^^^^^^^^^^^^
  File "C:\Users\mezzaluna anandita z\AppData\Local\Programs\Python\Python311\Lib\site-packages\sklearn\metrics\_ranking.py", line 634, in roc_auc_score
    return _multiclass_roc_auc_score(
           ^^^^^^^^^^^^^^^^^^^^^^^^^^
  File "C:\Users\mezzaluna anandita z\AppData\Local\Programs\Python\Python311\Lib\site-packages\sklearn\metrics\_ranking.py", line 707, in _multiclass_roc_auc_score
    raise ValueError(
ValueError: Target scores need to be probabilities for multiclass roc_auc, i.e. they should sum up to 1.0 over classes

  warnings.warn(

2026-09-15 19:13:15,473:WARNING:C:\Users\mezzaluna anandita z\AppData\Local\Programs\Python\Python311\Lib\site-packages\pycaret\internal\metrics.py:204: FitFailedWarning: Metric 'make_scorer(roc_auc_score, response_method=('decision_function', 'predict_proba'), average=weighted, multi_class=ovr)' failed and error score 0.0 has been returned instead. If this is a custom metric, this usually means that the error is in the metric code. Full exception below:
Traceback (most recent call last):
  File "C:\Users\mezzaluna anandita z\AppData\Local\Programs\Python\Python311\Lib\site-packages\pycaret\internal\metrics.py", line 196, in _score
    return super()._score(
           ^^^^^^^^^^^^^^^
  File "C:\Users\mezzaluna anandita z\AppData\Local\Programs\Python\Python311\Lib\site-packages\sklearn\metrics\_scorer.py", line 350, in _score
    return self._sign * self._score_func(y_true, y_pred, **scoring_kwargs)
                        ^^^^^^^^^^^^^^^^^^^^^^^^^^^^^^^^^^^^^^^^^^^^^^^^^^
  File "C:\Users\mezzaluna anandita z\AppData\Local\Programs\Python\Python311\Lib\site-packages\pycaret\internal\metrics.py", line 144, in __call__
    return self.score_func(y_true, y_pred, **kwargs)
           ^^^^^^^^^^^^^^^^^^^^^^^^^^^^^^^^^^^^^^^^^
  File "C:\Users\mezzaluna anandita z\AppData\Local\Programs\Python\Python311\Lib\site-packages\sklearn\utils\_param_validation.py", line 213, in wrapper
    return func(*args, **kwargs)
           ^^^^^^^^^^^^^^^^^^^^^
  File "C:\Users\mezzaluna anandita z\AppData\Local\Programs\Python\Python311\Lib\site-packages\sklearn\metrics\_ranking.py", line 634, in roc_auc_score
    return _multiclass_roc_auc_score(
           ^^^^^^^^^^^^^^^^^^^^^^^^^^
  File "C:\Users\mezzaluna anandita z\AppData\Local\Programs\Python\Python311\Lib\site-packages\sklearn\metrics\_ranking.py", line 707, in _multiclass_roc_auc_score
    raise ValueError(
ValueError: Target scores need to be probabilities for multiclass roc_auc, i.e. they should sum up to 1.0 over classes

  warnings.warn(

2026-09-15 19:13:15,485:WARNING:C:\Users\mezzaluna anandita z\AppData\Local\Programs\Python\Python311\Lib\site-packages\sklearn\metrics\_classification.py:1509: UndefinedMetricWarning: Precision is ill-defined and being set to 0.0 in labels with no predicted samples. Use `zero_division` parameter to control this behavior.
  _warn_prf(average, modifier, f"{metric.capitalize()} is", len(result))

2026-09-15 19:13:15,487:WARNING:C:\Users\mezzaluna anandita z\AppData\Local\Programs\Python\Python311\Lib\site-packages\pycaret\internal\metrics.py:204: FitFailedWarning: Metric 'make_scorer(roc_auc_score, response_method=('decision_function', 'predict_proba'), average=weighted, multi_class=ovr)' failed and error score 0.0 has been returned instead. If this is a custom metric, this usually means that the error is in the metric code. Full exception below:
Traceback (most recent call last):
  File "C:\Users\mezzaluna anandita z\AppData\Local\Programs\Python\Python311\Lib\site-packages\pycaret\internal\metrics.py", line 196, in _score
    return super()._score(
           ^^^^^^^^^^^^^^^
  File "C:\Users\mezzaluna anandita z\AppData\Local\Programs\Python\Python311\Lib\site-packages\sklearn\metrics\_scorer.py", line 350, in _score
    return self._sign * self._score_func(y_true, y_pred, **scoring_kwargs)
                        ^^^^^^^^^^^^^^^^^^^^^^^^^^^^^^^^^^^^^^^^^^^^^^^^^^
  File "C:\Users\mezzaluna anandita z\AppData\Local\Programs\Python\Python311\Lib\site-packages\pycaret\internal\metrics.py", line 144, in __call__
    return self.score_func(y_true, y_pred, **kwargs)
           ^^^^^^^^^^^^^^^^^^^^^^^^^^^^^^^^^^^^^^^^^
  File "C:\Users\mezzaluna anandita z\AppData\Local\Programs\Python\Python311\Lib\site-packages\sklearn\utils\_param_validation.py", line 213, in wrapper
    return func(*args, **kwargs)
           ^^^^^^^^^^^^^^^^^^^^^
  File "C:\Users\mezzaluna anandita z\AppData\Local\Programs\Python\Python311\Lib\site-packages\sklearn\metrics\_ranking.py", line 634, in roc_auc_score
    return _multiclass_roc_auc_score(
           ^^^^^^^^^^^^^^^^^^^^^^^^^^
  File "C:\Users\mezzaluna anandita z\AppData\Local\Programs\Python\Python311\Lib\site-packages\sklearn\metrics\_ranking.py", line 707, in _multiclass_roc_auc_score
    raise ValueError(
ValueError: Target scores need to be probabilities for multiclass roc_auc, i.e. they should sum up to 1.0 over classes

  warnings.warn(

2026-09-15 19:13:15,490:WARNING:C:\Users\mezzaluna anandita z\AppData\Local\Programs\Python\Python311\Lib\site-packages\sklearn\metrics\_classification.py:1509: UndefinedMetricWarning: Precision is ill-defined and being set to 0.0 in labels with no predicted samples. Use `zero_division` parameter to control this behavior.
  _warn_prf(average, modifier, f"{metric.capitalize()} is", len(result))

2026-09-15 19:13:15,491:WARNING:C:\Users\mezzaluna anandita z\AppData\Local\Programs\Python\Python311\Lib\site-packages\pycaret\internal\metrics.py:204: FitFailedWarning: Metric 'make_scorer(roc_auc_score, response_method=('decision_function', 'predict_proba'), average=weighted, multi_class=ovr)' failed and error score 0.0 has been returned instead. If this is a custom metric, this usually means that the error is in the metric code. Full exception below:
Traceback (most recent call last):
  File "C:\Users\mezzaluna anandita z\AppData\Local\Programs\Python\Python311\Lib\site-packages\pycaret\internal\metrics.py", line 196, in _score
    return super()._score(
           ^^^^^^^^^^^^^^^
  File "C:\Users\mezzaluna anandita z\AppData\Local\Programs\Python\Python311\Lib\site-packages\sklearn\metrics\_scorer.py", line 350, in _score
    return self._sign * self._score_func(y_true, y_pred, **scoring_kwargs)
                        ^^^^^^^^^^^^^^^^^^^^^^^^^^^^^^^^^^^^^^^^^^^^^^^^^^
  File "C:\Users\mezzaluna anandita z\AppData\Local\Programs\Python\Python311\Lib\site-packages\pycaret\internal\metrics.py", line 144, in __call__
    return self.score_func(y_true, y_pred, **kwargs)
           ^^^^^^^^^^^^^^^^^^^^^^^^^^^^^^^^^^^^^^^^^
  File "C:\Users\mezzaluna anandita z\AppData\Local\Programs\Python\Python311\Lib\site-packages\sklearn\utils\_param_validation.py", line 213, in wrapper
    return func(*args, **kwargs)
           ^^^^^^^^^^^^^^^^^^^^^
  File "C:\Users\mezzaluna anandita z\AppData\Local\Programs\Python\Python311\Lib\site-packages\sklearn\metrics\_ranking.py", line 634, in roc_auc_score
    return _multiclass_roc_auc_score(
           ^^^^^^^^^^^^^^^^^^^^^^^^^^
  File "C:\Users\mezzaluna anandita z\AppData\Local\Programs\Python\Python311\Lib\site-packages\sklearn\metrics\_ranking.py", line 707, in _multiclass_roc_auc_score
    raise ValueError(
ValueError: Target scores need to be probabilities for multiclass roc_auc, i.e. they should sum up to 1.0 over classes

  warnings.warn(

2026-09-15 19:13:15,493:WARNING:C:\Users\mezzaluna anandita z\AppData\Local\Programs\Python\Python311\Lib\site-packages\pycaret\internal\metrics.py:204: FitFailedWarning: Metric 'make_scorer(roc_auc_score, response_method=('decision_function', 'predict_proba'), average=weighted, multi_class=ovr)' failed and error score 0.0 has been returned instead. If this is a custom metric, this usually means that the error is in the metric code. Full exception below:
Traceback (most recent call last):
  File "C:\Users\mezzaluna anandita z\AppData\Local\Programs\Python\Python311\Lib\site-packages\pycaret\internal\metrics.py", line 196, in _score
    return super()._score(
           ^^^^^^^^^^^^^^^
  File "C:\Users\mezzaluna anandita z\AppData\Local\Programs\Python\Python311\Lib\site-packages\sklearn\metrics\_scorer.py", line 350, in _score
    return self._sign * self._score_func(y_true, y_pred, **scoring_kwargs)
                        ^^^^^^^^^^^^^^^^^^^^^^^^^^^^^^^^^^^^^^^^^^^^^^^^^^
  File "C:\Users\mezzaluna anandita z\AppData\Local\Programs\Python\Python311\Lib\site-packages\pycaret\internal\metrics.py", line 144, in __call__
    return self.score_func(y_true, y_pred, **kwargs)
           ^^^^^^^^^^^^^^^^^^^^^^^^^^^^^^^^^^^^^^^^^
  File "C:\Users\mezzaluna anandita z\AppData\Local\Programs\Python\Python311\Lib\site-packages\sklearn\utils\_param_validation.py", line 213, in wrapper
    return func(*args, **kwargs)
           ^^^^^^^^^^^^^^^^^^^^^
  File "C:\Users\mezzaluna anandita z\AppData\Local\Programs\Python\Python311\Lib\site-packages\sklearn\metrics\_ranking.py", line 634, in roc_auc_score
    return _multiclass_roc_auc_score(
           ^^^^^^^^^^^^^^^^^^^^^^^^^^
  File "C:\Users\mezzaluna anandita z\AppData\Local\Programs\Python\Python311\Lib\site-packages\sklearn\metrics\_ranking.py", line 707, in _multiclass_roc_auc_score
    raise ValueError(
ValueError: Target scores need to be probabilities for multiclass roc_auc, i.e. they should sum up to 1.0 over classes

  warnings.warn(

2026-09-15 19:13:15,508:INFO:Calculating mean and std
2026-09-15 19:13:15,509:INFO:Creating metrics dataframe
2026-09-15 19:13:15,511:INFO:Uploading results into container
2026-09-15 19:13:15,511:INFO:Uploading model into container now
2026-09-15 19:13:15,511:INFO:_master_model_container: 5
2026-09-15 19:13:15,512:INFO:_display_container: 2
2026-09-15 19:13:15,512:INFO:SGDClassifier(alpha=0.0001, average=False, class_weight=None,
              early_stopping=False, epsilon=0.1, eta0=0.001, fit_intercept=True,
              l1_ratio=0.15, learning_rate='optimal', loss='hinge',
              max_iter=1000, n_iter_no_change=5, n_jobs=-1, penalty='l2',
              power_t=0.5, random_state=0, shuffle=True, tol=0.001,
              validation_fraction=0.1, verbose=0, warm_start=False)
2026-09-15 19:13:15,512:INFO:create_model() successfully completed......................................
2026-09-15 19:13:15,592:INFO:SubProcess create_model() end ==================================
2026-09-15 19:13:15,592:INFO:Creating metrics dataframe
2026-09-15 19:13:15,595:INFO:Initializing Ridge Classifier
2026-09-15 19:13:15,595:INFO:Total runtime is 0.28397616147995 minutes
2026-09-15 19:13:15,595:INFO:SubProcess create_model() called ==================================
2026-09-15 19:13:15,595:INFO:Initializing create_model()
2026-09-15 19:13:15,595:INFO:create_model(self=<pycaret.classification.oop.ClassificationExperiment object at 0x000001C188036C90>, estimator=ridge, fold=StratifiedKFold(n_splits=10, random_state=None, shuffle=False), round=4, cross_validation=True, predict=True, fit_kwargs={}, groups=None, refit=False, probability_threshold=None, experiment_custom_tags=None, verbose=False, system=False, add_to_model_list=True, metrics=None, display=<pycaret.internal.display.display.CommonDisplay object at 0x000001C18D324990>, model_only=True, return_train_score=False, error_score=0.0, kwargs={})
2026-09-15 19:13:15,595:INFO:Checking exceptions
2026-09-15 19:13:15,595:INFO:Importing libraries
2026-09-15 19:13:15,595:INFO:Copying training dataset
2026-09-15 19:13:15,599:INFO:Defining folds
2026-09-15 19:13:15,599:INFO:Declaring metric variables
2026-09-15 19:13:15,599:INFO:Importing untrained model
2026-09-15 19:13:15,600:INFO:Ridge Classifier Imported successfully
2026-09-15 19:13:15,600:INFO:Starting cross validation
2026-09-15 19:13:15,600:INFO:Cross validating with StratifiedKFold(n_splits=10, random_state=None, shuffle=False), n_jobs=-1
2026-09-15 19:13:15,665:WARNING:C:\Users\mezzaluna anandita z\AppData\Local\Programs\Python\Python311\Lib\site-packages\pycaret\internal\metrics.py:204: FitFailedWarning: Metric 'make_scorer(roc_auc_score, response_method=('decision_function', 'predict_proba'), average=weighted, multi_class=ovr)' failed and error score 0.0 has been returned instead. If this is a custom metric, this usually means that the error is in the metric code. Full exception below:
Traceback (most recent call last):
  File "C:\Users\mezzaluna anandita z\AppData\Local\Programs\Python\Python311\Lib\site-packages\pycaret\internal\metrics.py", line 196, in _score
    return super()._score(
           ^^^^^^^^^^^^^^^
  File "C:\Users\mezzaluna anandita z\AppData\Local\Programs\Python\Python311\Lib\site-packages\sklearn\metrics\_scorer.py", line 350, in _score
    return self._sign * self._score_func(y_true, y_pred, **scoring_kwargs)
                        ^^^^^^^^^^^^^^^^^^^^^^^^^^^^^^^^^^^^^^^^^^^^^^^^^^
  File "C:\Users\mezzaluna anandita z\AppData\Local\Programs\Python\Python311\Lib\site-packages\pycaret\internal\metrics.py", line 144, in __call__
    return self.score_func(y_true, y_pred, **kwargs)
           ^^^^^^^^^^^^^^^^^^^^^^^^^^^^^^^^^^^^^^^^^
  File "C:\Users\mezzaluna anandita z\AppData\Local\Programs\Python\Python311\Lib\site-packages\sklearn\utils\_param_validation.py", line 213, in wrapper
    return func(*args, **kwargs)
           ^^^^^^^^^^^^^^^^^^^^^
  File "C:\Users\mezzaluna anandita z\AppData\Local\Programs\Python\Python311\Lib\site-packages\sklearn\metrics\_ranking.py", line 634, in roc_auc_score
    return _multiclass_roc_auc_score(
           ^^^^^^^^^^^^^^^^^^^^^^^^^^
  File "C:\Users\mezzaluna anandita z\AppData\Local\Programs\Python\Python311\Lib\site-packages\sklearn\metrics\_ranking.py", line 707, in _multiclass_roc_auc_score
    raise ValueError(
ValueError: Target scores need to be probabilities for multiclass roc_auc, i.e. they should sum up to 1.0 over classes

  warnings.warn(

2026-09-15 19:13:15,665:WARNING:C:\Users\mezzaluna anandita z\AppData\Local\Programs\Python\Python311\Lib\site-packages\pycaret\internal\metrics.py:204: FitFailedWarning: Metric 'make_scorer(roc_auc_score, response_method=('decision_function', 'predict_proba'), average=weighted, multi_class=ovr)' failed and error score 0.0 has been returned instead. If this is a custom metric, this usually means that the error is in the metric code. Full exception below:
Traceback (most recent call last):
  File "C:\Users\mezzaluna anandita z\AppData\Local\Programs\Python\Python311\Lib\site-packages\pycaret\internal\metrics.py", line 196, in _score
    return super()._score(
           ^^^^^^^^^^^^^^^
  File "C:\Users\mezzaluna anandita z\AppData\Local\Programs\Python\Python311\Lib\site-packages\sklearn\metrics\_scorer.py", line 350, in _score
    return self._sign * self._score_func(y_true, y_pred, **scoring_kwargs)
                        ^^^^^^^^^^^^^^^^^^^^^^^^^^^^^^^^^^^^^^^^^^^^^^^^^^
  File "C:\Users\mezzaluna anandita z\AppData\Local\Programs\Python\Python311\Lib\site-packages\pycaret\internal\metrics.py", line 144, in __call__
    return self.score_func(y_true, y_pred, **kwargs)
           ^^^^^^^^^^^^^^^^^^^^^^^^^^^^^^^^^^^^^^^^^
  File "C:\Users\mezzaluna anandita z\AppData\Local\Programs\Python\Python311\Lib\site-packages\sklearn\utils\_param_validation.py", line 213, in wrapper
    return func(*args, **kwargs)
           ^^^^^^^^^^^^^^^^^^^^^
  File "C:\Users\mezzaluna anandita z\AppData\Local\Programs\Python\Python311\Lib\site-packages\sklearn\metrics\_ranking.py", line 634, in roc_auc_score
    return _multiclass_roc_auc_score(
           ^^^^^^^^^^^^^^^^^^^^^^^^^^
  File "C:\Users\mezzaluna anandita z\AppData\Local\Programs\Python\Python311\Lib\site-packages\sklearn\metrics\_ranking.py", line 707, in _multiclass_roc_auc_score
    raise ValueError(
ValueError: Target scores need to be probabilities for multiclass roc_auc, i.e. they should sum up to 1.0 over classes

  warnings.warn(

2026-09-15 19:13:15,667:WARNING:C:\Users\mezzaluna anandita z\AppData\Local\Programs\Python\Python311\Lib\site-packages\pycaret\internal\metrics.py:204: FitFailedWarning: Metric 'make_scorer(roc_auc_score, response_method=('decision_function', 'predict_proba'), average=weighted, multi_class=ovr)' failed and error score 0.0 has been returned instead. If this is a custom metric, this usually means that the error is in the metric code. Full exception below:
Traceback (most recent call last):
  File "C:\Users\mezzaluna anandita z\AppData\Local\Programs\Python\Python311\Lib\site-packages\pycaret\internal\metrics.py", line 196, in _score
    return super()._score(
           ^^^^^^^^^^^^^^^
  File "C:\Users\mezzaluna anandita z\AppData\Local\Programs\Python\Python311\Lib\site-packages\sklearn\metrics\_scorer.py", line 350, in _score
    return self._sign * self._score_func(y_true, y_pred, **scoring_kwargs)
                        ^^^^^^^^^^^^^^^^^^^^^^^^^^^^^^^^^^^^^^^^^^^^^^^^^^
  File "C:\Users\mezzaluna anandita z\AppData\Local\Programs\Python\Python311\Lib\site-packages\pycaret\internal\metrics.py", line 144, in __call__
    return self.score_func(y_true, y_pred, **kwargs)
           ^^^^^^^^^^^^^^^^^^^^^^^^^^^^^^^^^^^^^^^^^
  File "C:\Users\mezzaluna anandita z\AppData\Local\Programs\Python\Python311\Lib\site-packages\sklearn\utils\_param_validation.py", line 213, in wrapper
    return func(*args, **kwargs)
           ^^^^^^^^^^^^^^^^^^^^^
  File "C:\Users\mezzaluna anandita z\AppData\Local\Programs\Python\Python311\Lib\site-packages\sklearn\metrics\_ranking.py", line 634, in roc_auc_score
    return _multiclass_roc_auc_score(
           ^^^^^^^^^^^^^^^^^^^^^^^^^^
  File "C:\Users\mezzaluna anandita z\AppData\Local\Programs\Python\Python311\Lib\site-packages\sklearn\metrics\_ranking.py", line 707, in _multiclass_roc_auc_score
    raise ValueError(
ValueError: Target scores need to be probabilities for multiclass roc_auc, i.e. they should sum up to 1.0 over classes

  warnings.warn(

2026-09-15 19:13:15,669:WARNING:C:\Users\mezzaluna anandita z\AppData\Local\Programs\Python\Python311\Lib\site-packages\pycaret\internal\metrics.py:204: FitFailedWarning: Metric 'make_scorer(roc_auc_score, response_method=('decision_function', 'predict_proba'), average=weighted, multi_class=ovr)' failed and error score 0.0 has been returned instead. If this is a custom metric, this usually means that the error is in the metric code. Full exception below:
Traceback (most recent call last):
  File "C:\Users\mezzaluna anandita z\AppData\Local\Programs\Python\Python311\Lib\site-packages\pycaret\internal\metrics.py", line 196, in _score
    return super()._score(
           ^^^^^^^^^^^^^^^
  File "C:\Users\mezzaluna anandita z\AppData\Local\Programs\Python\Python311\Lib\site-packages\sklearn\metrics\_scorer.py", line 350, in _score
    return self._sign * self._score_func(y_true, y_pred, **scoring_kwargs)
                        ^^^^^^^^^^^^^^^^^^^^^^^^^^^^^^^^^^^^^^^^^^^^^^^^^^
  File "C:\Users\mezzaluna anandita z\AppData\Local\Programs\Python\Python311\Lib\site-packages\pycaret\internal\metrics.py", line 144, in __call__
    return self.score_func(y_true, y_pred, **kwargs)
           ^^^^^^^^^^^^^^^^^^^^^^^^^^^^^^^^^^^^^^^^^
  File "C:\Users\mezzaluna anandita z\AppData\Local\Programs\Python\Python311\Lib\site-packages\sklearn\utils\_param_validation.py", line 213, in wrapper
    return func(*args, **kwargs)
           ^^^^^^^^^^^^^^^^^^^^^
  File "C:\Users\mezzaluna anandita z\AppData\Local\Programs\Python\Python311\Lib\site-packages\sklearn\metrics\_ranking.py", line 634, in roc_auc_score
    return _multiclass_roc_auc_score(
           ^^^^^^^^^^^^^^^^^^^^^^^^^^
  File "C:\Users\mezzaluna anandita z\AppData\Local\Programs\Python\Python311\Lib\site-packages\sklearn\metrics\_ranking.py", line 707, in _multiclass_roc_auc_score
    raise ValueError(
ValueError: Target scores need to be probabilities for multiclass roc_auc, i.e. they should sum up to 1.0 over classes

  warnings.warn(

2026-09-15 19:13:15,672:WARNING:C:\Users\mezzaluna anandita z\AppData\Local\Programs\Python\Python311\Lib\site-packages\pycaret\internal\metrics.py:204: FitFailedWarning: Metric 'make_scorer(roc_auc_score, response_method=('decision_function', 'predict_proba'), average=weighted, multi_class=ovr)' failed and error score 0.0 has been returned instead. If this is a custom metric, this usually means that the error is in the metric code. Full exception below:
Traceback (most recent call last):
  File "C:\Users\mezzaluna anandita z\AppData\Local\Programs\Python\Python311\Lib\site-packages\pycaret\internal\metrics.py", line 196, in _score
    return super()._score(
           ^^^^^^^^^^^^^^^
  File "C:\Users\mezzaluna anandita z\AppData\Local\Programs\Python\Python311\Lib\site-packages\sklearn\metrics\_scorer.py", line 350, in _score
    return self._sign * self._score_func(y_true, y_pred, **scoring_kwargs)
                        ^^^^^^^^^^^^^^^^^^^^^^^^^^^^^^^^^^^^^^^^^^^^^^^^^^
  File "C:\Users\mezzaluna anandita z\AppData\Local\Programs\Python\Python311\Lib\site-packages\pycaret\internal\metrics.py", line 144, in __call__
    return self.score_func(y_true, y_pred, **kwargs)
           ^^^^^^^^^^^^^^^^^^^^^^^^^^^^^^^^^^^^^^^^^
  File "C:\Users\mezzaluna anandita z\AppData\Local\Programs\Python\Python311\Lib\site-packages\sklearn\utils\_param_validation.py", line 213, in wrapper
    return func(*args, **kwargs)
           ^^^^^^^^^^^^^^^^^^^^^
  File "C:\Users\mezzaluna anandita z\AppData\Local\Programs\Python\Python311\Lib\site-packages\sklearn\metrics\_ranking.py", line 634, in roc_auc_score
    return _multiclass_roc_auc_score(
           ^^^^^^^^^^^^^^^^^^^^^^^^^^
  File "C:\Users\mezzaluna anandita z\AppData\Local\Programs\Python\Python311\Lib\site-packages\sklearn\metrics\_ranking.py", line 707, in _multiclass_roc_auc_score
    raise ValueError(
ValueError: Target scores need to be probabilities for multiclass roc_auc, i.e. they should sum up to 1.0 over classes

  warnings.warn(

2026-09-15 19:13:15,672:WARNING:C:\Users\mezzaluna anandita z\AppData\Local\Programs\Python\Python311\Lib\site-packages\pycaret\internal\metrics.py:204: FitFailedWarning: Metric 'make_scorer(roc_auc_score, response_method=('decision_function', 'predict_proba'), average=weighted, multi_class=ovr)' failed and error score 0.0 has been returned instead. If this is a custom metric, this usually means that the error is in the metric code. Full exception below:
Traceback (most recent call last):
  File "C:\Users\mezzaluna anandita z\AppData\Local\Programs\Python\Python311\Lib\site-packages\pycaret\internal\metrics.py", line 196, in _score
    return super()._score(
           ^^^^^^^^^^^^^^^
  File "C:\Users\mezzaluna anandita z\AppData\Local\Programs\Python\Python311\Lib\site-packages\sklearn\metrics\_scorer.py", line 350, in _score
    return self._sign * self._score_func(y_true, y_pred, **scoring_kwargs)
                        ^^^^^^^^^^^^^^^^^^^^^^^^^^^^^^^^^^^^^^^^^^^^^^^^^^
  File "C:\Users\mezzaluna anandita z\AppData\Local\Programs\Python\Python311\Lib\site-packages\pycaret\internal\metrics.py", line 144, in __call__
    return self.score_func(y_true, y_pred, **kwargs)
           ^^^^^^^^^^^^^^^^^^^^^^^^^^^^^^^^^^^^^^^^^
  File "C:\Users\mezzaluna anandita z\AppData\Local\Programs\Python\Python311\Lib\site-packages\sklearn\utils\_param_validation.py", line 213, in wrapper
    return func(*args, **kwargs)
           ^^^^^^^^^^^^^^^^^^^^^
  File "C:\Users\mezzaluna anandita z\AppData\Local\Programs\Python\Python311\Lib\site-packages\sklearn\metrics\_ranking.py", line 634, in roc_auc_score
    return _multiclass_roc_auc_score(
           ^^^^^^^^^^^^^^^^^^^^^^^^^^
  File "C:\Users\mezzaluna anandita z\AppData\Local\Programs\Python\Python311\Lib\site-packages\sklearn\metrics\_ranking.py", line 707, in _multiclass_roc_auc_score
    raise ValueError(
ValueError: Target scores need to be probabilities for multiclass roc_auc, i.e. they should sum up to 1.0 over classes

  warnings.warn(

2026-09-15 19:13:15,673:WARNING:C:\Users\mezzaluna anandita z\AppData\Local\Programs\Python\Python311\Lib\site-packages\pycaret\internal\metrics.py:204: FitFailedWarning: Metric 'make_scorer(roc_auc_score, response_method=('decision_function', 'predict_proba'), average=weighted, multi_class=ovr)' failed and error score 0.0 has been returned instead. If this is a custom metric, this usually means that the error is in the metric code. Full exception below:
Traceback (most recent call last):
  File "C:\Users\mezzaluna anandita z\AppData\Local\Programs\Python\Python311\Lib\site-packages\pycaret\internal\metrics.py", line 196, in _score
    return super()._score(
           ^^^^^^^^^^^^^^^
  File "C:\Users\mezzaluna anandita z\AppData\Local\Programs\Python\Python311\Lib\site-packages\sklearn\metrics\_scorer.py", line 350, in _score
    return self._sign * self._score_func(y_true, y_pred, **scoring_kwargs)
                        ^^^^^^^^^^^^^^^^^^^^^^^^^^^^^^^^^^^^^^^^^^^^^^^^^^
  File "C:\Users\mezzaluna anandita z\AppData\Local\Programs\Python\Python311\Lib\site-packages\pycaret\internal\metrics.py", line 144, in __call__
    return self.score_func(y_true, y_pred, **kwargs)
           ^^^^^^^^^^^^^^^^^^^^^^^^^^^^^^^^^^^^^^^^^
  File "C:\Users\mezzaluna anandita z\AppData\Local\Programs\Python\Python311\Lib\site-packages\sklearn\utils\_param_validation.py", line 213, in wrapper
    return func(*args, **kwargs)
           ^^^^^^^^^^^^^^^^^^^^^
  File "C:\Users\mezzaluna anandita z\AppData\Local\Programs\Python\Python311\Lib\site-packages\sklearn\metrics\_ranking.py", line 634, in roc_auc_score
    return _multiclass_roc_auc_score(
           ^^^^^^^^^^^^^^^^^^^^^^^^^^
  File "C:\Users\mezzaluna anandita z\AppData\Local\Programs\Python\Python311\Lib\site-packages\sklearn\metrics\_ranking.py", line 707, in _multiclass_roc_auc_score
    raise ValueError(
ValueError: Target scores need to be probabilities for multiclass roc_auc, i.e. they should sum up to 1.0 over classes

  warnings.warn(

2026-09-15 19:13:15,673:WARNING:C:\Users\mezzaluna anandita z\AppData\Local\Programs\Python\Python311\Lib\site-packages\pycaret\internal\metrics.py:204: FitFailedWarning: Metric 'make_scorer(roc_auc_score, response_method=('decision_function', 'predict_proba'), average=weighted, multi_class=ovr)' failed and error score 0.0 has been returned instead. If this is a custom metric, this usually means that the error is in the metric code. Full exception below:
Traceback (most recent call last):
  File "C:\Users\mezzaluna anandita z\AppData\Local\Programs\Python\Python311\Lib\site-packages\pycaret\internal\metrics.py", line 196, in _score
    return super()._score(
           ^^^^^^^^^^^^^^^
  File "C:\Users\mezzaluna anandita z\AppData\Local\Programs\Python\Python311\Lib\site-packages\sklearn\metrics\_scorer.py", line 350, in _score
    return self._sign * self._score_func(y_true, y_pred, **scoring_kwargs)
                        ^^^^^^^^^^^^^^^^^^^^^^^^^^^^^^^^^^^^^^^^^^^^^^^^^^
  File "C:\Users\mezzaluna anandita z\AppData\Local\Programs\Python\Python311\Lib\site-packages\pycaret\internal\metrics.py", line 144, in __call__
    return self.score_func(y_true, y_pred, **kwargs)
           ^^^^^^^^^^^^^^^^^^^^^^^^^^^^^^^^^^^^^^^^^
  File "C:\Users\mezzaluna anandita z\AppData\Local\Programs\Python\Python311\Lib\site-packages\sklearn\utils\_param_validation.py", line 213, in wrapper
    return func(*args, **kwargs)
           ^^^^^^^^^^^^^^^^^^^^^
  File "C:\Users\mezzaluna anandita z\AppData\Local\Programs\Python\Python311\Lib\site-packages\sklearn\metrics\_ranking.py", line 634, in roc_auc_score
    return _multiclass_roc_auc_score(
           ^^^^^^^^^^^^^^^^^^^^^^^^^^
  File "C:\Users\mezzaluna anandita z\AppData\Local\Programs\Python\Python311\Lib\site-packages\sklearn\metrics\_ranking.py", line 707, in _multiclass_roc_auc_score
    raise ValueError(
ValueError: Target scores need to be probabilities for multiclass roc_auc, i.e. they should sum up to 1.0 over classes

  warnings.warn(

2026-09-15 19:13:15,674:WARNING:C:\Users\mezzaluna anandita z\AppData\Local\Programs\Python\Python311\Lib\site-packages\pycaret\internal\metrics.py:204: FitFailedWarning: Metric 'make_scorer(roc_auc_score, response_method=('decision_function', 'predict_proba'), average=weighted, multi_class=ovr)' failed and error score 0.0 has been returned instead. If this is a custom metric, this usually means that the error is in the metric code. Full exception below:
Traceback (most recent call last):
  File "C:\Users\mezzaluna anandita z\AppData\Local\Programs\Python\Python311\Lib\site-packages\pycaret\internal\metrics.py", line 196, in _score
    return super()._score(
           ^^^^^^^^^^^^^^^
  File "C:\Users\mezzaluna anandita z\AppData\Local\Programs\Python\Python311\Lib\site-packages\sklearn\metrics\_scorer.py", line 350, in _score
    return self._sign * self._score_func(y_true, y_pred, **scoring_kwargs)
                        ^^^^^^^^^^^^^^^^^^^^^^^^^^^^^^^^^^^^^^^^^^^^^^^^^^
  File "C:\Users\mezzaluna anandita z\AppData\Local\Programs\Python\Python311\Lib\site-packages\pycaret\internal\metrics.py", line 144, in __call__
    return self.score_func(y_true, y_pred, **kwargs)
           ^^^^^^^^^^^^^^^^^^^^^^^^^^^^^^^^^^^^^^^^^
  File "C:\Users\mezzaluna anandita z\AppData\Local\Programs\Python\Python311\Lib\site-packages\sklearn\utils\_param_validation.py", line 213, in wrapper
    return func(*args, **kwargs)
           ^^^^^^^^^^^^^^^^^^^^^
  File "C:\Users\mezzaluna anandita z\AppData\Local\Programs\Python\Python311\Lib\site-packages\sklearn\metrics\_ranking.py", line 634, in roc_auc_score
    return _multiclass_roc_auc_score(
           ^^^^^^^^^^^^^^^^^^^^^^^^^^
  File "C:\Users\mezzaluna anandita z\AppData\Local\Programs\Python\Python311\Lib\site-packages\sklearn\metrics\_ranking.py", line 707, in _multiclass_roc_auc_score
    raise ValueError(
ValueError: Target scores need to be probabilities for multiclass roc_auc, i.e. they should sum up to 1.0 over classes

  warnings.warn(

2026-09-15 19:13:15,710:INFO:Calculating mean and std
2026-09-15 19:13:15,712:INFO:Creating metrics dataframe
2026-09-15 19:13:15,713:INFO:Uploading results into container
2026-09-15 19:13:15,714:INFO:Uploading model into container now
2026-09-15 19:13:15,714:INFO:_master_model_container: 6
2026-09-15 19:13:15,715:INFO:_display_container: 2
2026-09-15 19:13:15,715:INFO:RidgeClassifier(alpha=1.0, class_weight=None, copy_X=True, fit_intercept=True,
                max_iter=None, positive=False, random_state=0, solver='auto',
                tol=0.0001)
2026-09-15 19:13:15,715:INFO:create_model() successfully completed......................................
2026-09-15 19:13:15,792:INFO:SubProcess create_model() end ==================================
2026-09-15 19:13:15,792:INFO:Creating metrics dataframe
2026-09-15 19:13:15,795:INFO:Initializing Random Forest Classifier
2026-09-15 19:13:15,795:INFO:Total runtime is 0.2872980793317159 minutes
2026-09-15 19:13:15,795:INFO:SubProcess create_model() called ==================================
2026-09-15 19:13:15,795:INFO:Initializing create_model()
2026-09-15 19:13:15,795:INFO:create_model(self=<pycaret.classification.oop.ClassificationExperiment object at 0x000001C188036C90>, estimator=rf, fold=StratifiedKFold(n_splits=10, random_state=None, shuffle=False), round=4, cross_validation=True, predict=True, fit_kwargs={}, groups=None, refit=False, probability_threshold=None, experiment_custom_tags=None, verbose=False, system=False, add_to_model_list=True, metrics=None, display=<pycaret.internal.display.display.CommonDisplay object at 0x000001C18D324990>, model_only=True, return_train_score=False, error_score=0.0, kwargs={})
2026-09-15 19:13:15,795:INFO:Checking exceptions
2026-09-15 19:13:15,795:INFO:Importing libraries
2026-09-15 19:13:15,796:INFO:Copying training dataset
2026-09-15 19:13:15,798:INFO:Defining folds
2026-09-15 19:13:15,798:INFO:Declaring metric variables
2026-09-15 19:13:15,798:INFO:Importing untrained model
2026-09-15 19:13:15,799:INFO:Random Forest Classifier Imported successfully
2026-09-15 19:13:15,799:INFO:Starting cross validation
2026-09-15 19:13:15,800:INFO:Cross validating with StratifiedKFold(n_splits=10, random_state=None, shuffle=False), n_jobs=-1
2026-09-15 19:13:16,457:INFO:Calculating mean and std
2026-09-15 19:13:16,458:INFO:Creating metrics dataframe
2026-09-15 19:13:16,460:INFO:Uploading results into container
2026-09-15 19:13:16,461:INFO:Uploading model into container now
2026-09-15 19:13:16,461:INFO:_master_model_container: 7
2026-09-15 19:13:16,461:INFO:_display_container: 2
2026-09-15 19:13:16,461:INFO:RandomForestClassifier(bootstrap=True, ccp_alpha=0.0, class_weight=None,
                       criterion='gini', max_depth=None, max_features='sqrt',
                       max_leaf_nodes=None, max_samples=None,
                       min_impurity_decrease=0.0, min_samples_leaf=1,
                       min_samples_split=2, min_weight_fraction_leaf=0.0,
                       monotonic_cst=None, n_estimators=100, n_jobs=-1,
                       oob_score=False, random_state=0, verbose=0,
                       warm_start=False)
2026-09-15 19:13:16,462:INFO:create_model() successfully completed......................................
2026-09-15 19:13:16,549:INFO:SubProcess create_model() end ==================================
2026-09-15 19:13:16,549:INFO:Creating metrics dataframe
2026-09-15 19:13:16,552:INFO:Initializing Quadratic Discriminant Analysis
2026-09-15 19:13:16,552:INFO:Total runtime is 0.2999187707901001 minutes
2026-09-15 19:13:16,553:INFO:SubProcess create_model() called ==================================
2026-09-15 19:13:16,553:INFO:Initializing create_model()
2026-09-15 19:13:16,553:INFO:create_model(self=<pycaret.classification.oop.ClassificationExperiment object at 0x000001C188036C90>, estimator=qda, fold=StratifiedKFold(n_splits=10, random_state=None, shuffle=False), round=4, cross_validation=True, predict=True, fit_kwargs={}, groups=None, refit=False, probability_threshold=None, experiment_custom_tags=None, verbose=False, system=False, add_to_model_list=True, metrics=None, display=<pycaret.internal.display.display.CommonDisplay object at 0x000001C18D324990>, model_only=True, return_train_score=False, error_score=0.0, kwargs={})
2026-09-15 19:13:16,553:INFO:Checking exceptions
2026-09-15 19:13:16,553:INFO:Importing libraries
2026-09-15 19:13:16,553:INFO:Copying training dataset
2026-09-15 19:13:16,556:INFO:Defining folds
2026-09-15 19:13:16,557:INFO:Declaring metric variables
2026-09-15 19:13:16,557:INFO:Importing untrained model
2026-09-15 19:13:16,557:INFO:Quadratic Discriminant Analysis Imported successfully
2026-09-15 19:13:16,557:INFO:Starting cross validation
2026-09-15 19:13:16,558:INFO:Cross validating with StratifiedKFold(n_splits=10, random_state=None, shuffle=False), n_jobs=-1
2026-09-15 19:13:16,661:WARNING:C:\Users\mezzaluna anandita z\AppData\Local\Programs\Python\Python311\Lib\site-packages\pycaret\internal\metrics.py:204: FitFailedWarning: Metric 'make_scorer(roc_auc_score, response_method=('decision_function', 'predict_proba'), average=weighted, multi_class=ovr)' failed and error score 0.0 has been returned instead. If this is a custom metric, this usually means that the error is in the metric code. Full exception below:
Traceback (most recent call last):
  File "C:\Users\mezzaluna anandita z\AppData\Local\Programs\Python\Python311\Lib\site-packages\pycaret\internal\metrics.py", line 196, in _score
    return super()._score(
           ^^^^^^^^^^^^^^^
  File "C:\Users\mezzaluna anandita z\AppData\Local\Programs\Python\Python311\Lib\site-packages\sklearn\metrics\_scorer.py", line 350, in _score
    return self._sign * self._score_func(y_true, y_pred, **scoring_kwargs)
                        ^^^^^^^^^^^^^^^^^^^^^^^^^^^^^^^^^^^^^^^^^^^^^^^^^^
  File "C:\Users\mezzaluna anandita z\AppData\Local\Programs\Python\Python311\Lib\site-packages\pycaret\internal\metrics.py", line 144, in __call__
    return self.score_func(y_true, y_pred, **kwargs)
           ^^^^^^^^^^^^^^^^^^^^^^^^^^^^^^^^^^^^^^^^^
  File "C:\Users\mezzaluna anandita z\AppData\Local\Programs\Python\Python311\Lib\site-packages\sklearn\utils\_param_validation.py", line 213, in wrapper
    return func(*args, **kwargs)
           ^^^^^^^^^^^^^^^^^^^^^
  File "C:\Users\mezzaluna anandita z\AppData\Local\Programs\Python\Python311\Lib\site-packages\sklearn\metrics\_ranking.py", line 634, in roc_auc_score
    return _multiclass_roc_auc_score(
           ^^^^^^^^^^^^^^^^^^^^^^^^^^
  File "C:\Users\mezzaluna anandita z\AppData\Local\Programs\Python\Python311\Lib\site-packages\sklearn\metrics\_ranking.py", line 707, in _multiclass_roc_auc_score
    raise ValueError(
ValueError: Target scores need to be probabilities for multiclass roc_auc, i.e. they should sum up to 1.0 over classes

  warnings.warn(

2026-09-15 19:13:16,661:WARNING:C:\Users\mezzaluna anandita z\AppData\Local\Programs\Python\Python311\Lib\site-packages\pycaret\internal\metrics.py:204: FitFailedWarning: Metric 'make_scorer(roc_auc_score, response_method=('decision_function', 'predict_proba'), average=weighted, multi_class=ovr)' failed and error score 0.0 has been returned instead. If this is a custom metric, this usually means that the error is in the metric code. Full exception below:
Traceback (most recent call last):
  File "C:\Users\mezzaluna anandita z\AppData\Local\Programs\Python\Python311\Lib\site-packages\pycaret\internal\metrics.py", line 196, in _score
    return super()._score(
           ^^^^^^^^^^^^^^^
  File "C:\Users\mezzaluna anandita z\AppData\Local\Programs\Python\Python311\Lib\site-packages\sklearn\metrics\_scorer.py", line 350, in _score
    return self._sign * self._score_func(y_true, y_pred, **scoring_kwargs)
                        ^^^^^^^^^^^^^^^^^^^^^^^^^^^^^^^^^^^^^^^^^^^^^^^^^^
  File "C:\Users\mezzaluna anandita z\AppData\Local\Programs\Python\Python311\Lib\site-packages\pycaret\internal\metrics.py", line 144, in __call__
    return self.score_func(y_true, y_pred, **kwargs)
           ^^^^^^^^^^^^^^^^^^^^^^^^^^^^^^^^^^^^^^^^^
  File "C:\Users\mezzaluna anandita z\AppData\Local\Programs\Python\Python311\Lib\site-packages\sklearn\utils\_param_validation.py", line 213, in wrapper
    return func(*args, **kwargs)
           ^^^^^^^^^^^^^^^^^^^^^
  File "C:\Users\mezzaluna anandita z\AppData\Local\Programs\Python\Python311\Lib\site-packages\sklearn\metrics\_ranking.py", line 634, in roc_auc_score
    return _multiclass_roc_auc_score(
           ^^^^^^^^^^^^^^^^^^^^^^^^^^
  File "C:\Users\mezzaluna anandita z\AppData\Local\Programs\Python\Python311\Lib\site-packages\sklearn\metrics\_ranking.py", line 707, in _multiclass_roc_auc_score
    raise ValueError(
ValueError: Target scores need to be probabilities for multiclass roc_auc, i.e. they should sum up to 1.0 over classes

  warnings.warn(

2026-09-15 19:13:16,665:WARNING:C:\Users\mezzaluna anandita z\AppData\Local\Programs\Python\Python311\Lib\site-packages\pycaret\internal\metrics.py:204: FitFailedWarning: Metric 'make_scorer(roc_auc_score, response_method=('decision_function', 'predict_proba'), average=weighted, multi_class=ovr)' failed and error score 0.0 has been returned instead. If this is a custom metric, this usually means that the error is in the metric code. Full exception below:
Traceback (most recent call last):
  File "C:\Users\mezzaluna anandita z\AppData\Local\Programs\Python\Python311\Lib\site-packages\pycaret\internal\metrics.py", line 196, in _score
    return super()._score(
           ^^^^^^^^^^^^^^^
  File "C:\Users\mezzaluna anandita z\AppData\Local\Programs\Python\Python311\Lib\site-packages\sklearn\metrics\_scorer.py", line 350, in _score
    return self._sign * self._score_func(y_true, y_pred, **scoring_kwargs)
                        ^^^^^^^^^^^^^^^^^^^^^^^^^^^^^^^^^^^^^^^^^^^^^^^^^^
  File "C:\Users\mezzaluna anandita z\AppData\Local\Programs\Python\Python311\Lib\site-packages\pycaret\internal\metrics.py", line 144, in __call__
    return self.score_func(y_true, y_pred, **kwargs)
           ^^^^^^^^^^^^^^^^^^^^^^^^^^^^^^^^^^^^^^^^^
  File "C:\Users\mezzaluna anandita z\AppData\Local\Programs\Python\Python311\Lib\site-packages\sklearn\utils\_param_validation.py", line 213, in wrapper
    return func(*args, **kwargs)
           ^^^^^^^^^^^^^^^^^^^^^
  File "C:\Users\mezzaluna anandita z\AppData\Local\Programs\Python\Python311\Lib\site-packages\sklearn\metrics\_ranking.py", line 634, in roc_auc_score
    return _multiclass_roc_auc_score(
           ^^^^^^^^^^^^^^^^^^^^^^^^^^
  File "C:\Users\mezzaluna anandita z\AppData\Local\Programs\Python\Python311\Lib\site-packages\sklearn\metrics\_ranking.py", line 707, in _multiclass_roc_auc_score
    raise ValueError(
ValueError: Target scores need to be probabilities for multiclass roc_auc, i.e. they should sum up to 1.0 over classes

  warnings.warn(

2026-09-15 19:13:16,666:WARNING:C:\Users\mezzaluna anandita z\AppData\Local\Programs\Python\Python311\Lib\site-packages\pycaret\internal\metrics.py:204: FitFailedWarning: Metric 'make_scorer(roc_auc_score, response_method=('decision_function', 'predict_proba'), average=weighted, multi_class=ovr)' failed and error score 0.0 has been returned instead. If this is a custom metric, this usually means that the error is in the metric code. Full exception below:
Traceback (most recent call last):
  File "C:\Users\mezzaluna anandita z\AppData\Local\Programs\Python\Python311\Lib\site-packages\pycaret\internal\metrics.py", line 196, in _score
    return super()._score(
           ^^^^^^^^^^^^^^^
  File "C:\Users\mezzaluna anandita z\AppData\Local\Programs\Python\Python311\Lib\site-packages\sklearn\metrics\_scorer.py", line 350, in _score
    return self._sign * self._score_func(y_true, y_pred, **scoring_kwargs)
                        ^^^^^^^^^^^^^^^^^^^^^^^^^^^^^^^^^^^^^^^^^^^^^^^^^^
  File "C:\Users\mezzaluna anandita z\AppData\Local\Programs\Python\Python311\Lib\site-packages\pycaret\internal\metrics.py", line 144, in __call__
    return self.score_func(y_true, y_pred, **kwargs)
           ^^^^^^^^^^^^^^^^^^^^^^^^^^^^^^^^^^^^^^^^^
  File "C:\Users\mezzaluna anandita z\AppData\Local\Programs\Python\Python311\Lib\site-packages\sklearn\utils\_param_validation.py", line 213, in wrapper
    return func(*args, **kwargs)
           ^^^^^^^^^^^^^^^^^^^^^
  File "C:\Users\mezzaluna anandita z\AppData\Local\Programs\Python\Python311\Lib\site-packages\sklearn\metrics\_ranking.py", line 634, in roc_auc_score
    return _multiclass_roc_auc_score(
           ^^^^^^^^^^^^^^^^^^^^^^^^^^
  File "C:\Users\mezzaluna anandita z\AppData\Local\Programs\Python\Python311\Lib\site-packages\sklearn\metrics\_ranking.py", line 707, in _multiclass_roc_auc_score
    raise ValueError(
ValueError: Target scores need to be probabilities for multiclass roc_auc, i.e. they should sum up to 1.0 over classes

  warnings.warn(

2026-09-15 19:13:16,669:WARNING:C:\Users\mezzaluna anandita z\AppData\Local\Programs\Python\Python311\Lib\site-packages\pycaret\internal\metrics.py:204: FitFailedWarning: Metric 'make_scorer(roc_auc_score, response_method=('decision_function', 'predict_proba'), average=weighted, multi_class=ovr)' failed and error score 0.0 has been returned instead. If this is a custom metric, this usually means that the error is in the metric code. Full exception below:
Traceback (most recent call last):
  File "C:\Users\mezzaluna anandita z\AppData\Local\Programs\Python\Python311\Lib\site-packages\pycaret\internal\metrics.py", line 196, in _score
    return super()._score(
           ^^^^^^^^^^^^^^^
  File "C:\Users\mezzaluna anandita z\AppData\Local\Programs\Python\Python311\Lib\site-packages\sklearn\metrics\_scorer.py", line 350, in _score
    return self._sign * self._score_func(y_true, y_pred, **scoring_kwargs)
                        ^^^^^^^^^^^^^^^^^^^^^^^^^^^^^^^^^^^^^^^^^^^^^^^^^^
  File "C:\Users\mezzaluna anandita z\AppData\Local\Programs\Python\Python311\Lib\site-packages\pycaret\internal\metrics.py", line 144, in __call__
    return self.score_func(y_true, y_pred, **kwargs)
           ^^^^^^^^^^^^^^^^^^^^^^^^^^^^^^^^^^^^^^^^^
  File "C:\Users\mezzaluna anandita z\AppData\Local\Programs\Python\Python311\Lib\site-packages\sklearn\utils\_param_validation.py", line 213, in wrapper
    return func(*args, **kwargs)
           ^^^^^^^^^^^^^^^^^^^^^
  File "C:\Users\mezzaluna anandita z\AppData\Local\Programs\Python\Python311\Lib\site-packages\sklearn\metrics\_ranking.py", line 634, in roc_auc_score
    return _multiclass_roc_auc_score(
           ^^^^^^^^^^^^^^^^^^^^^^^^^^
  File "C:\Users\mezzaluna anandita z\AppData\Local\Programs\Python\Python311\Lib\site-packages\sklearn\metrics\_ranking.py", line 707, in _multiclass_roc_auc_score
    raise ValueError(
ValueError: Target scores need to be probabilities for multiclass roc_auc, i.e. they should sum up to 1.0 over classes

  warnings.warn(

2026-09-15 19:13:16,670:WARNING:C:\Users\mezzaluna anandita z\AppData\Local\Programs\Python\Python311\Lib\site-packages\pycaret\internal\metrics.py:204: FitFailedWarning: Metric 'make_scorer(roc_auc_score, response_method=('decision_function', 'predict_proba'), average=weighted, multi_class=ovr)' failed and error score 0.0 has been returned instead. If this is a custom metric, this usually means that the error is in the metric code. Full exception below:
Traceback (most recent call last):
  File "C:\Users\mezzaluna anandita z\AppData\Local\Programs\Python\Python311\Lib\site-packages\pycaret\internal\metrics.py", line 196, in _score
    return super()._score(
           ^^^^^^^^^^^^^^^
  File "C:\Users\mezzaluna anandita z\AppData\Local\Programs\Python\Python311\Lib\site-packages\sklearn\metrics\_scorer.py", line 350, in _score
    return self._sign * self._score_func(y_true, y_pred, **scoring_kwargs)
                        ^^^^^^^^^^^^^^^^^^^^^^^^^^^^^^^^^^^^^^^^^^^^^^^^^^
  File "C:\Users\mezzaluna anandita z\AppData\Local\Programs\Python\Python311\Lib\site-packages\pycaret\internal\metrics.py", line 144, in __call__
    return self.score_func(y_true, y_pred, **kwargs)
           ^^^^^^^^^^^^^^^^^^^^^^^^^^^^^^^^^^^^^^^^^
  File "C:\Users\mezzaluna anandita z\AppData\Local\Programs\Python\Python311\Lib\site-packages\sklearn\utils\_param_validation.py", line 213, in wrapper
    return func(*args, **kwargs)
           ^^^^^^^^^^^^^^^^^^^^^
  File "C:\Users\mezzaluna anandita z\AppData\Local\Programs\Python\Python311\Lib\site-packages\sklearn\metrics\_ranking.py", line 634, in roc_auc_score
    return _multiclass_roc_auc_score(
           ^^^^^^^^^^^^^^^^^^^^^^^^^^
  File "C:\Users\mezzaluna anandita z\AppData\Local\Programs\Python\Python311\Lib\site-packages\sklearn\metrics\_ranking.py", line 707, in _multiclass_roc_auc_score
    raise ValueError(
ValueError: Target scores need to be probabilities for multiclass roc_auc, i.e. they should sum up to 1.0 over classes

  warnings.warn(

2026-09-15 19:13:16,674:WARNING:C:\Users\mezzaluna anandita z\AppData\Local\Programs\Python\Python311\Lib\site-packages\pycaret\internal\metrics.py:204: FitFailedWarning: Metric 'make_scorer(roc_auc_score, response_method=('decision_function', 'predict_proba'), average=weighted, multi_class=ovr)' failed and error score 0.0 has been returned instead. If this is a custom metric, this usually means that the error is in the metric code. Full exception below:
Traceback (most recent call last):
  File "C:\Users\mezzaluna anandita z\AppData\Local\Programs\Python\Python311\Lib\site-packages\pycaret\internal\metrics.py", line 196, in _score
    return super()._score(
           ^^^^^^^^^^^^^^^
  File "C:\Users\mezzaluna anandita z\AppData\Local\Programs\Python\Python311\Lib\site-packages\sklearn\metrics\_scorer.py", line 350, in _score
    return self._sign * self._score_func(y_true, y_pred, **scoring_kwargs)
                        ^^^^^^^^^^^^^^^^^^^^^^^^^^^^^^^^^^^^^^^^^^^^^^^^^^
  File "C:\Users\mezzaluna anandita z\AppData\Local\Programs\Python\Python311\Lib\site-packages\pycaret\internal\metrics.py", line 144, in __call__
    return self.score_func(y_true, y_pred, **kwargs)
           ^^^^^^^^^^^^^^^^^^^^^^^^^^^^^^^^^^^^^^^^^
  File "C:\Users\mezzaluna anandita z\AppData\Local\Programs\Python\Python311\Lib\site-packages\sklearn\utils\_param_validation.py", line 213, in wrapper
    return func(*args, **kwargs)
           ^^^^^^^^^^^^^^^^^^^^^
  File "C:\Users\mezzaluna anandita z\AppData\Local\Programs\Python\Python311\Lib\site-packages\sklearn\metrics\_ranking.py", line 634, in roc_auc_score
    return _multiclass_roc_auc_score(
           ^^^^^^^^^^^^^^^^^^^^^^^^^^
  File "C:\Users\mezzaluna anandita z\AppData\Local\Programs\Python\Python311\Lib\site-packages\sklearn\metrics\_ranking.py", line 707, in _multiclass_roc_auc_score
    raise ValueError(
ValueError: Target scores need to be probabilities for multiclass roc_auc, i.e. they should sum up to 1.0 over classes

  warnings.warn(

2026-09-15 19:13:16,708:INFO:Calculating mean and std
2026-09-15 19:13:16,709:INFO:Creating metrics dataframe
2026-09-15 19:13:16,711:INFO:Uploading results into container
2026-09-15 19:13:16,712:INFO:Uploading model into container now
2026-09-15 19:13:16,712:INFO:_master_model_container: 8
2026-09-15 19:13:16,712:INFO:_display_container: 2
2026-09-15 19:13:16,712:INFO:QuadraticDiscriminantAnalysis(priors=None, reg_param=0.0,
                              store_covariance=False, tol=0.0001)
2026-09-15 19:13:16,712:INFO:create_model() successfully completed......................................
2026-09-15 19:13:16,773:INFO:SubProcess create_model() end ==================================
2026-09-15 19:13:16,774:INFO:Creating metrics dataframe
2026-09-15 19:13:16,775:INFO:Initializing Ada Boost Classifier
2026-09-15 19:13:16,775:INFO:Total runtime is 0.303632656733195 minutes
2026-09-15 19:13:16,775:INFO:SubProcess create_model() called ==================================
2026-09-15 19:13:16,775:INFO:Initializing create_model()
2026-09-15 19:13:16,775:INFO:create_model(self=<pycaret.classification.oop.ClassificationExperiment object at 0x000001C188036C90>, estimator=ada, fold=StratifiedKFold(n_splits=10, random_state=None, shuffle=False), round=4, cross_validation=True, predict=True, fit_kwargs={}, groups=None, refit=False, probability_threshold=None, experiment_custom_tags=None, verbose=False, system=False, add_to_model_list=True, metrics=None, display=<pycaret.internal.display.display.CommonDisplay object at 0x000001C18D324990>, model_only=True, return_train_score=False, error_score=0.0, kwargs={})
2026-09-15 19:13:16,775:INFO:Checking exceptions
2026-09-15 19:13:16,775:INFO:Importing libraries
2026-09-15 19:13:16,775:INFO:Copying training dataset
2026-09-15 19:13:16,777:INFO:Defining folds
2026-09-15 19:13:16,777:INFO:Declaring metric variables
2026-09-15 19:13:16,777:INFO:Importing untrained model
2026-09-15 19:13:16,777:INFO:Ada Boost Classifier Imported successfully
2026-09-15 19:13:16,777:INFO:Starting cross validation
2026-09-15 19:13:16,777:INFO:Cross validating with StratifiedKFold(n_splits=10, random_state=None, shuffle=False), n_jobs=-1
2026-09-15 19:13:16,820:WARNING:C:\Users\mezzaluna anandita z\AppData\Local\Programs\Python\Python311\Lib\site-packages\sklearn\ensemble\_weight_boosting.py:519: FutureWarning: The SAMME.R algorithm (the default) is deprecated and will be removed in 1.6. Use the SAMME algorithm to circumvent this warning.
  warnings.warn(

2026-09-15 19:13:16,821:WARNING:C:\Users\mezzaluna anandita z\AppData\Local\Programs\Python\Python311\Lib\site-packages\sklearn\ensemble\_weight_boosting.py:519: FutureWarning: The SAMME.R algorithm (the default) is deprecated and will be removed in 1.6. Use the SAMME algorithm to circumvent this warning.
  warnings.warn(

2026-09-15 19:13:16,821:WARNING:C:\Users\mezzaluna anandita z\AppData\Local\Programs\Python\Python311\Lib\site-packages\sklearn\ensemble\_weight_boosting.py:519: FutureWarning: The SAMME.R algorithm (the default) is deprecated and will be removed in 1.6. Use the SAMME algorithm to circumvent this warning.
  warnings.warn(

2026-09-15 19:13:16,821:WARNING:C:\Users\mezzaluna anandita z\AppData\Local\Programs\Python\Python311\Lib\site-packages\sklearn\ensemble\_weight_boosting.py:519: FutureWarning: The SAMME.R algorithm (the default) is deprecated and will be removed in 1.6. Use the SAMME algorithm to circumvent this warning.
  warnings.warn(

2026-09-15 19:13:16,823:WARNING:C:\Users\mezzaluna anandita z\AppData\Local\Programs\Python\Python311\Lib\site-packages\sklearn\ensemble\_weight_boosting.py:519: FutureWarning: The SAMME.R algorithm (the default) is deprecated and will be removed in 1.6. Use the SAMME algorithm to circumvent this warning.
  warnings.warn(

2026-09-15 19:13:16,824:WARNING:C:\Users\mezzaluna anandita z\AppData\Local\Programs\Python\Python311\Lib\site-packages\sklearn\ensemble\_weight_boosting.py:519: FutureWarning: The SAMME.R algorithm (the default) is deprecated and will be removed in 1.6. Use the SAMME algorithm to circumvent this warning.
  warnings.warn(

2026-09-15 19:13:16,824:WARNING:C:\Users\mezzaluna anandita z\AppData\Local\Programs\Python\Python311\Lib\site-packages\sklearn\ensemble\_weight_boosting.py:519: FutureWarning: The SAMME.R algorithm (the default) is deprecated and will be removed in 1.6. Use the SAMME algorithm to circumvent this warning.
  warnings.warn(

2026-09-15 19:13:16,824:WARNING:C:\Users\mezzaluna anandita z\AppData\Local\Programs\Python\Python311\Lib\site-packages\sklearn\ensemble\_weight_boosting.py:519: FutureWarning: The SAMME.R algorithm (the default) is deprecated and will be removed in 1.6. Use the SAMME algorithm to circumvent this warning.
  warnings.warn(

2026-09-15 19:13:16,824:WARNING:C:\Users\mezzaluna anandita z\AppData\Local\Programs\Python\Python311\Lib\site-packages\sklearn\ensemble\_weight_boosting.py:519: FutureWarning: The SAMME.R algorithm (the default) is deprecated and will be removed in 1.6. Use the SAMME algorithm to circumvent this warning.
  warnings.warn(

2026-09-15 19:13:16,827:WARNING:C:\Users\mezzaluna anandita z\AppData\Local\Programs\Python\Python311\Lib\site-packages\sklearn\ensemble\_weight_boosting.py:519: FutureWarning: The SAMME.R algorithm (the default) is deprecated and will be removed in 1.6. Use the SAMME algorithm to circumvent this warning.
  warnings.warn(

2026-09-15 19:13:17,093:WARNING:C:\Users\mezzaluna anandita z\AppData\Local\Programs\Python\Python311\Lib\site-packages\pycaret\internal\metrics.py:204: FitFailedWarning: Metric 'make_scorer(roc_auc_score, response_method=('decision_function', 'predict_proba'), average=weighted, multi_class=ovr)' failed and error score 0.0 has been returned instead. If this is a custom metric, this usually means that the error is in the metric code. Full exception below:
Traceback (most recent call last):
  File "C:\Users\mezzaluna anandita z\AppData\Local\Programs\Python\Python311\Lib\site-packages\pycaret\internal\metrics.py", line 196, in _score
    return super()._score(
           ^^^^^^^^^^^^^^^
  File "C:\Users\mezzaluna anandita z\AppData\Local\Programs\Python\Python311\Lib\site-packages\sklearn\metrics\_scorer.py", line 350, in _score
    return self._sign * self._score_func(y_true, y_pred, **scoring_kwargs)
                        ^^^^^^^^^^^^^^^^^^^^^^^^^^^^^^^^^^^^^^^^^^^^^^^^^^
  File "C:\Users\mezzaluna anandita z\AppData\Local\Programs\Python\Python311\Lib\site-packages\pycaret\internal\metrics.py", line 144, in __call__
    return self.score_func(y_true, y_pred, **kwargs)
           ^^^^^^^^^^^^^^^^^^^^^^^^^^^^^^^^^^^^^^^^^
  File "C:\Users\mezzaluna anandita z\AppData\Local\Programs\Python\Python311\Lib\site-packages\sklearn\utils\_param_validation.py", line 213, in wrapper
    return func(*args, **kwargs)
           ^^^^^^^^^^^^^^^^^^^^^
  File "C:\Users\mezzaluna anandita z\AppData\Local\Programs\Python\Python311\Lib\site-packages\sklearn\metrics\_ranking.py", line 634, in roc_auc_score
    return _multiclass_roc_auc_score(
           ^^^^^^^^^^^^^^^^^^^^^^^^^^
  File "C:\Users\mezzaluna anandita z\AppData\Local\Programs\Python\Python311\Lib\site-packages\sklearn\metrics\_ranking.py", line 707, in _multiclass_roc_auc_score
    raise ValueError(
ValueError: Target scores need to be probabilities for multiclass roc_auc, i.e. they should sum up to 1.0 over classes

  warnings.warn(

2026-09-15 19:13:17,098:WARNING:C:\Users\mezzaluna anandita z\AppData\Local\Programs\Python\Python311\Lib\site-packages\pycaret\internal\metrics.py:204: FitFailedWarning: Metric 'make_scorer(roc_auc_score, response_method=('decision_function', 'predict_proba'), average=weighted, multi_class=ovr)' failed and error score 0.0 has been returned instead. If this is a custom metric, this usually means that the error is in the metric code. Full exception below:
Traceback (most recent call last):
  File "C:\Users\mezzaluna anandita z\AppData\Local\Programs\Python\Python311\Lib\site-packages\pycaret\internal\metrics.py", line 196, in _score
    return super()._score(
           ^^^^^^^^^^^^^^^
  File "C:\Users\mezzaluna anandita z\AppData\Local\Programs\Python\Python311\Lib\site-packages\sklearn\metrics\_scorer.py", line 350, in _score
    return self._sign * self._score_func(y_true, y_pred, **scoring_kwargs)
                        ^^^^^^^^^^^^^^^^^^^^^^^^^^^^^^^^^^^^^^^^^^^^^^^^^^
  File "C:\Users\mezzaluna anandita z\AppData\Local\Programs\Python\Python311\Lib\site-packages\pycaret\internal\metrics.py", line 144, in __call__
    return self.score_func(y_true, y_pred, **kwargs)
           ^^^^^^^^^^^^^^^^^^^^^^^^^^^^^^^^^^^^^^^^^
  File "C:\Users\mezzaluna anandita z\AppData\Local\Programs\Python\Python311\Lib\site-packages\sklearn\utils\_param_validation.py", line 213, in wrapper
    return func(*args, **kwargs)
           ^^^^^^^^^^^^^^^^^^^^^
  File "C:\Users\mezzaluna anandita z\AppData\Local\Programs\Python\Python311\Lib\site-packages\sklearn\metrics\_ranking.py", line 634, in roc_auc_score
    return _multiclass_roc_auc_score(
           ^^^^^^^^^^^^^^^^^^^^^^^^^^
  File "C:\Users\mezzaluna anandita z\AppData\Local\Programs\Python\Python311\Lib\site-packages\sklearn\metrics\_ranking.py", line 707, in _multiclass_roc_auc_score
    raise ValueError(
ValueError: Target scores need to be probabilities for multiclass roc_auc, i.e. they should sum up to 1.0 over classes

  warnings.warn(

2026-09-15 19:13:17,098:WARNING:C:\Users\mezzaluna anandita z\AppData\Local\Programs\Python\Python311\Lib\site-packages\pycaret\internal\metrics.py:204: FitFailedWarning: Metric 'make_scorer(roc_auc_score, response_method=('decision_function', 'predict_proba'), average=weighted, multi_class=ovr)' failed and error score 0.0 has been returned instead. If this is a custom metric, this usually means that the error is in the metric code. Full exception below:
Traceback (most recent call last):
  File "C:\Users\mezzaluna anandita z\AppData\Local\Programs\Python\Python311\Lib\site-packages\pycaret\internal\metrics.py", line 196, in _score
    return super()._score(
           ^^^^^^^^^^^^^^^
  File "C:\Users\mezzaluna anandita z\AppData\Local\Programs\Python\Python311\Lib\site-packages\sklearn\metrics\_scorer.py", line 350, in _score
    return self._sign * self._score_func(y_true, y_pred, **scoring_kwargs)
                        ^^^^^^^^^^^^^^^^^^^^^^^^^^^^^^^^^^^^^^^^^^^^^^^^^^
  File "C:\Users\mezzaluna anandita z\AppData\Local\Programs\Python\Python311\Lib\site-packages\pycaret\internal\metrics.py", line 144, in __call__
    return self.score_func(y_true, y_pred, **kwargs)
           ^^^^^^^^^^^^^^^^^^^^^^^^^^^^^^^^^^^^^^^^^
  File "C:\Users\mezzaluna anandita z\AppData\Local\Programs\Python\Python311\Lib\site-packages\sklearn\utils\_param_validation.py", line 213, in wrapper
    return func(*args, **kwargs)
           ^^^^^^^^^^^^^^^^^^^^^
  File "C:\Users\mezzaluna anandita z\AppData\Local\Programs\Python\Python311\Lib\site-packages\sklearn\metrics\_ranking.py", line 634, in roc_auc_score
    return _multiclass_roc_auc_score(
           ^^^^^^^^^^^^^^^^^^^^^^^^^^
  File "C:\Users\mezzaluna anandita z\AppData\Local\Programs\Python\Python311\Lib\site-packages\sklearn\metrics\_ranking.py", line 707, in _multiclass_roc_auc_score
    raise ValueError(
ValueError: Target scores need to be probabilities for multiclass roc_auc, i.e. they should sum up to 1.0 over classes

  warnings.warn(

2026-09-15 19:13:17,099:WARNING:C:\Users\mezzaluna anandita z\AppData\Local\Programs\Python\Python311\Lib\site-packages\pycaret\internal\metrics.py:204: FitFailedWarning: Metric 'make_scorer(roc_auc_score, response_method=('decision_function', 'predict_proba'), average=weighted, multi_class=ovr)' failed and error score 0.0 has been returned instead. If this is a custom metric, this usually means that the error is in the metric code. Full exception below:
Traceback (most recent call last):
  File "C:\Users\mezzaluna anandita z\AppData\Local\Programs\Python\Python311\Lib\site-packages\pycaret\internal\metrics.py", line 196, in _score
    return super()._score(
           ^^^^^^^^^^^^^^^
  File "C:\Users\mezzaluna anandita z\AppData\Local\Programs\Python\Python311\Lib\site-packages\sklearn\metrics\_scorer.py", line 350, in _score
    return self._sign * self._score_func(y_true, y_pred, **scoring_kwargs)
                        ^^^^^^^^^^^^^^^^^^^^^^^^^^^^^^^^^^^^^^^^^^^^^^^^^^
  File "C:\Users\mezzaluna anandita z\AppData\Local\Programs\Python\Python311\Lib\site-packages\pycaret\internal\metrics.py", line 144, in __call__
    return self.score_func(y_true, y_pred, **kwargs)
           ^^^^^^^^^^^^^^^^^^^^^^^^^^^^^^^^^^^^^^^^^
  File "C:\Users\mezzaluna anandita z\AppData\Local\Programs\Python\Python311\Lib\site-packages\sklearn\utils\_param_validation.py", line 213, in wrapper
    return func(*args, **kwargs)
           ^^^^^^^^^^^^^^^^^^^^^
  File "C:\Users\mezzaluna anandita z\AppData\Local\Programs\Python\Python311\Lib\site-packages\sklearn\metrics\_ranking.py", line 634, in roc_auc_score
    return _multiclass_roc_auc_score(
           ^^^^^^^^^^^^^^^^^^^^^^^^^^
  File "C:\Users\mezzaluna anandita z\AppData\Local\Programs\Python\Python311\Lib\site-packages\sklearn\metrics\_ranking.py", line 707, in _multiclass_roc_auc_score
    raise ValueError(
ValueError: Target scores need to be probabilities for multiclass roc_auc, i.e. they should sum up to 1.0 over classes

  warnings.warn(

2026-09-15 19:13:17,101:WARNING:C:\Users\mezzaluna anandita z\AppData\Local\Programs\Python\Python311\Lib\site-packages\pycaret\internal\metrics.py:204: FitFailedWarning: Metric 'make_scorer(roc_auc_score, response_method=('decision_function', 'predict_proba'), average=weighted, multi_class=ovr)' failed and error score 0.0 has been returned instead. If this is a custom metric, this usually means that the error is in the metric code. Full exception below:
Traceback (most recent call last):
  File "C:\Users\mezzaluna anandita z\AppData\Local\Programs\Python\Python311\Lib\site-packages\pycaret\internal\metrics.py", line 196, in _score
    return super()._score(
           ^^^^^^^^^^^^^^^
  File "C:\Users\mezzaluna anandita z\AppData\Local\Programs\Python\Python311\Lib\site-packages\sklearn\metrics\_scorer.py", line 350, in _score
    return self._sign * self._score_func(y_true, y_pred, **scoring_kwargs)
                        ^^^^^^^^^^^^^^^^^^^^^^^^^^^^^^^^^^^^^^^^^^^^^^^^^^
  File "C:\Users\mezzaluna anandita z\AppData\Local\Programs\Python\Python311\Lib\site-packages\pycaret\internal\metrics.py", line 144, in __call__
    return self.score_func(y_true, y_pred, **kwargs)
           ^^^^^^^^^^^^^^^^^^^^^^^^^^^^^^^^^^^^^^^^^
  File "C:\Users\mezzaluna anandita z\AppData\Local\Programs\Python\Python311\Lib\site-packages\sklearn\utils\_param_validation.py", line 213, in wrapper
    return func(*args, **kwargs)
           ^^^^^^^^^^^^^^^^^^^^^
  File "C:\Users\mezzaluna anandita z\AppData\Local\Programs\Python\Python311\Lib\site-packages\sklearn\metrics\_ranking.py", line 634, in roc_auc_score
    return _multiclass_roc_auc_score(
           ^^^^^^^^^^^^^^^^^^^^^^^^^^
  File "C:\Users\mezzaluna anandita z\AppData\Local\Programs\Python\Python311\Lib\site-packages\sklearn\metrics\_ranking.py", line 707, in _multiclass_roc_auc_score
    raise ValueError(
ValueError: Target scores need to be probabilities for multiclass roc_auc, i.e. they should sum up to 1.0 over classes

  warnings.warn(

2026-09-15 19:13:17,109:WARNING:C:\Users\mezzaluna anandita z\AppData\Local\Programs\Python\Python311\Lib\site-packages\pycaret\internal\metrics.py:204: FitFailedWarning: Metric 'make_scorer(roc_auc_score, response_method=('decision_function', 'predict_proba'), average=weighted, multi_class=ovr)' failed and error score 0.0 has been returned instead. If this is a custom metric, this usually means that the error is in the metric code. Full exception below:
Traceback (most recent call last):
  File "C:\Users\mezzaluna anandita z\AppData\Local\Programs\Python\Python311\Lib\site-packages\pycaret\internal\metrics.py", line 196, in _score
    return super()._score(
           ^^^^^^^^^^^^^^^
  File "C:\Users\mezzaluna anandita z\AppData\Local\Programs\Python\Python311\Lib\site-packages\sklearn\metrics\_scorer.py", line 350, in _score
    return self._sign * self._score_func(y_true, y_pred, **scoring_kwargs)
                        ^^^^^^^^^^^^^^^^^^^^^^^^^^^^^^^^^^^^^^^^^^^^^^^^^^
  File "C:\Users\mezzaluna anandita z\AppData\Local\Programs\Python\Python311\Lib\site-packages\pycaret\internal\metrics.py", line 144, in __call__
    return self.score_func(y_true, y_pred, **kwargs)
           ^^^^^^^^^^^^^^^^^^^^^^^^^^^^^^^^^^^^^^^^^
  File "C:\Users\mezzaluna anandita z\AppData\Local\Programs\Python\Python311\Lib\site-packages\sklearn\utils\_param_validation.py", line 213, in wrapper
    return func(*args, **kwargs)
           ^^^^^^^^^^^^^^^^^^^^^
  File "C:\Users\mezzaluna anandita z\AppData\Local\Programs\Python\Python311\Lib\site-packages\sklearn\metrics\_ranking.py", line 634, in roc_auc_score
    return _multiclass_roc_auc_score(
           ^^^^^^^^^^^^^^^^^^^^^^^^^^
  File "C:\Users\mezzaluna anandita z\AppData\Local\Programs\Python\Python311\Lib\site-packages\sklearn\metrics\_ranking.py", line 707, in _multiclass_roc_auc_score
    raise ValueError(
ValueError: Target scores need to be probabilities for multiclass roc_auc, i.e. they should sum up to 1.0 over classes

  warnings.warn(

2026-09-15 19:13:17,113:WARNING:C:\Users\mezzaluna anandita z\AppData\Local\Programs\Python\Python311\Lib\site-packages\pycaret\internal\metrics.py:204: FitFailedWarning: Metric 'make_scorer(roc_auc_score, response_method=('decision_function', 'predict_proba'), average=weighted, multi_class=ovr)' failed and error score 0.0 has been returned instead. If this is a custom metric, this usually means that the error is in the metric code. Full exception below:
Traceback (most recent call last):
  File "C:\Users\mezzaluna anandita z\AppData\Local\Programs\Python\Python311\Lib\site-packages\pycaret\internal\metrics.py", line 196, in _score
    return super()._score(
           ^^^^^^^^^^^^^^^
  File "C:\Users\mezzaluna anandita z\AppData\Local\Programs\Python\Python311\Lib\site-packages\sklearn\metrics\_scorer.py", line 350, in _score
    return self._sign * self._score_func(y_true, y_pred, **scoring_kwargs)
                        ^^^^^^^^^^^^^^^^^^^^^^^^^^^^^^^^^^^^^^^^^^^^^^^^^^
  File "C:\Users\mezzaluna anandita z\AppData\Local\Programs\Python\Python311\Lib\site-packages\pycaret\internal\metrics.py", line 144, in __call__
    return self.score_func(y_true, y_pred, **kwargs)
           ^^^^^^^^^^^^^^^^^^^^^^^^^^^^^^^^^^^^^^^^^
  File "C:\Users\mezzaluna anandita z\AppData\Local\Programs\Python\Python311\Lib\site-packages\sklearn\utils\_param_validation.py", line 213, in wrapper
    return func(*args, **kwargs)
           ^^^^^^^^^^^^^^^^^^^^^
  File "C:\Users\mezzaluna anandita z\AppData\Local\Programs\Python\Python311\Lib\site-packages\sklearn\metrics\_ranking.py", line 634, in roc_auc_score
    return _multiclass_roc_auc_score(
           ^^^^^^^^^^^^^^^^^^^^^^^^^^
  File "C:\Users\mezzaluna anandita z\AppData\Local\Programs\Python\Python311\Lib\site-packages\sklearn\metrics\_ranking.py", line 707, in _multiclass_roc_auc_score
    raise ValueError(
ValueError: Target scores need to be probabilities for multiclass roc_auc, i.e. they should sum up to 1.0 over classes

  warnings.warn(

2026-09-15 19:13:17,116:WARNING:C:\Users\mezzaluna anandita z\AppData\Local\Programs\Python\Python311\Lib\site-packages\pycaret\internal\metrics.py:204: FitFailedWarning: Metric 'make_scorer(roc_auc_score, response_method=('decision_function', 'predict_proba'), average=weighted, multi_class=ovr)' failed and error score 0.0 has been returned instead. If this is a custom metric, this usually means that the error is in the metric code. Full exception below:
Traceback (most recent call last):
  File "C:\Users\mezzaluna anandita z\AppData\Local\Programs\Python\Python311\Lib\site-packages\pycaret\internal\metrics.py", line 196, in _score
    return super()._score(
           ^^^^^^^^^^^^^^^
  File "C:\Users\mezzaluna anandita z\AppData\Local\Programs\Python\Python311\Lib\site-packages\sklearn\metrics\_scorer.py", line 350, in _score
    return self._sign * self._score_func(y_true, y_pred, **scoring_kwargs)
                        ^^^^^^^^^^^^^^^^^^^^^^^^^^^^^^^^^^^^^^^^^^^^^^^^^^
  File "C:\Users\mezzaluna anandita z\AppData\Local\Programs\Python\Python311\Lib\site-packages\pycaret\internal\metrics.py", line 144, in __call__
    return self.score_func(y_true, y_pred, **kwargs)
           ^^^^^^^^^^^^^^^^^^^^^^^^^^^^^^^^^^^^^^^^^
  File "C:\Users\mezzaluna anandita z\AppData\Local\Programs\Python\Python311\Lib\site-packages\sklearn\utils\_param_validation.py", line 213, in wrapper
    return func(*args, **kwargs)
           ^^^^^^^^^^^^^^^^^^^^^
  File "C:\Users\mezzaluna anandita z\AppData\Local\Programs\Python\Python311\Lib\site-packages\sklearn\metrics\_ranking.py", line 634, in roc_auc_score
    return _multiclass_roc_auc_score(
           ^^^^^^^^^^^^^^^^^^^^^^^^^^
  File "C:\Users\mezzaluna anandita z\AppData\Local\Programs\Python\Python311\Lib\site-packages\sklearn\metrics\_ranking.py", line 707, in _multiclass_roc_auc_score
    raise ValueError(
ValueError: Target scores need to be probabilities for multiclass roc_auc, i.e. they should sum up to 1.0 over classes

  warnings.warn(

2026-09-15 19:13:17,124:WARNING:C:\Users\mezzaluna anandita z\AppData\Local\Programs\Python\Python311\Lib\site-packages\pycaret\internal\metrics.py:204: FitFailedWarning: Metric 'make_scorer(roc_auc_score, response_method=('decision_function', 'predict_proba'), average=weighted, multi_class=ovr)' failed and error score 0.0 has been returned instead. If this is a custom metric, this usually means that the error is in the metric code. Full exception below:
Traceback (most recent call last):
  File "C:\Users\mezzaluna anandita z\AppData\Local\Programs\Python\Python311\Lib\site-packages\pycaret\internal\metrics.py", line 196, in _score
    return super()._score(
           ^^^^^^^^^^^^^^^
  File "C:\Users\mezzaluna anandita z\AppData\Local\Programs\Python\Python311\Lib\site-packages\sklearn\metrics\_scorer.py", line 350, in _score
    return self._sign * self._score_func(y_true, y_pred, **scoring_kwargs)
                        ^^^^^^^^^^^^^^^^^^^^^^^^^^^^^^^^^^^^^^^^^^^^^^^^^^
  File "C:\Users\mezzaluna anandita z\AppData\Local\Programs\Python\Python311\Lib\site-packages\pycaret\internal\metrics.py", line 144, in __call__
    return self.score_func(y_true, y_pred, **kwargs)
           ^^^^^^^^^^^^^^^^^^^^^^^^^^^^^^^^^^^^^^^^^
  File "C:\Users\mezzaluna anandita z\AppData\Local\Programs\Python\Python311\Lib\site-packages\sklearn\utils\_param_validation.py", line 213, in wrapper
    return func(*args, **kwargs)
           ^^^^^^^^^^^^^^^^^^^^^
  File "C:\Users\mezzaluna anandita z\AppData\Local\Programs\Python\Python311\Lib\site-packages\sklearn\metrics\_ranking.py", line 634, in roc_auc_score
    return _multiclass_roc_auc_score(
           ^^^^^^^^^^^^^^^^^^^^^^^^^^
  File "C:\Users\mezzaluna anandita z\AppData\Local\Programs\Python\Python311\Lib\site-packages\sklearn\metrics\_ranking.py", line 707, in _multiclass_roc_auc_score
    raise ValueError(
ValueError: Target scores need to be probabilities for multiclass roc_auc, i.e. they should sum up to 1.0 over classes

  warnings.warn(

2026-09-15 19:13:17,124:WARNING:C:\Users\mezzaluna anandita z\AppData\Local\Programs\Python\Python311\Lib\site-packages\pycaret\internal\metrics.py:204: FitFailedWarning: Metric 'make_scorer(roc_auc_score, response_method=('decision_function', 'predict_proba'), average=weighted, multi_class=ovr)' failed and error score 0.0 has been returned instead. If this is a custom metric, this usually means that the error is in the metric code. Full exception below:
Traceback (most recent call last):
  File "C:\Users\mezzaluna anandita z\AppData\Local\Programs\Python\Python311\Lib\site-packages\pycaret\internal\metrics.py", line 196, in _score
    return super()._score(
           ^^^^^^^^^^^^^^^
  File "C:\Users\mezzaluna anandita z\AppData\Local\Programs\Python\Python311\Lib\site-packages\sklearn\metrics\_scorer.py", line 350, in _score
    return self._sign * self._score_func(y_true, y_pred, **scoring_kwargs)
                        ^^^^^^^^^^^^^^^^^^^^^^^^^^^^^^^^^^^^^^^^^^^^^^^^^^
  File "C:\Users\mezzaluna anandita z\AppData\Local\Programs\Python\Python311\Lib\site-packages\pycaret\internal\metrics.py", line 144, in __call__
    return self.score_func(y_true, y_pred, **kwargs)
           ^^^^^^^^^^^^^^^^^^^^^^^^^^^^^^^^^^^^^^^^^
  File "C:\Users\mezzaluna anandita z\AppData\Local\Programs\Python\Python311\Lib\site-packages\sklearn\utils\_param_validation.py", line 213, in wrapper
    return func(*args, **kwargs)
           ^^^^^^^^^^^^^^^^^^^^^
  File "C:\Users\mezzaluna anandita z\AppData\Local\Programs\Python\Python311\Lib\site-packages\sklearn\metrics\_ranking.py", line 634, in roc_auc_score
    return _multiclass_roc_auc_score(
           ^^^^^^^^^^^^^^^^^^^^^^^^^^
  File "C:\Users\mezzaluna anandita z\AppData\Local\Programs\Python\Python311\Lib\site-packages\sklearn\metrics\_ranking.py", line 707, in _multiclass_roc_auc_score
    raise ValueError(
ValueError: Target scores need to be probabilities for multiclass roc_auc, i.e. they should sum up to 1.0 over classes

  warnings.warn(

2026-09-15 19:13:17,140:INFO:Calculating mean and std
2026-09-15 19:13:17,141:INFO:Creating metrics dataframe
2026-09-15 19:13:17,143:INFO:Uploading results into container
2026-09-15 19:13:17,143:INFO:Uploading model into container now
2026-09-15 19:13:17,144:INFO:_master_model_container: 9
2026-09-15 19:13:17,144:INFO:_display_container: 2
2026-09-15 19:13:17,144:INFO:AdaBoostClassifier(algorithm='SAMME.R', estimator=None, learning_rate=1.0,
                   n_estimators=50, random_state=0)
2026-09-15 19:13:17,144:INFO:create_model() successfully completed......................................
2026-09-15 19:13:17,227:INFO:SubProcess create_model() end ==================================
2026-09-15 19:13:17,227:INFO:Creating metrics dataframe
2026-09-15 19:13:17,231:INFO:Initializing Gradient Boosting Classifier
2026-09-15 19:13:17,231:INFO:Total runtime is 0.3112359444300334 minutes
2026-09-15 19:13:17,231:INFO:SubProcess create_model() called ==================================
2026-09-15 19:13:17,231:INFO:Initializing create_model()
2026-09-15 19:13:17,231:INFO:create_model(self=<pycaret.classification.oop.ClassificationExperiment object at 0x000001C188036C90>, estimator=gbc, fold=StratifiedKFold(n_splits=10, random_state=None, shuffle=False), round=4, cross_validation=True, predict=True, fit_kwargs={}, groups=None, refit=False, probability_threshold=None, experiment_custom_tags=None, verbose=False, system=False, add_to_model_list=True, metrics=None, display=<pycaret.internal.display.display.CommonDisplay object at 0x000001C18D324990>, model_only=True, return_train_score=False, error_score=0.0, kwargs={})
2026-09-15 19:13:17,231:INFO:Checking exceptions
2026-09-15 19:13:17,231:INFO:Importing libraries
2026-09-15 19:13:17,231:INFO:Copying training dataset
2026-09-15 19:13:17,235:INFO:Defining folds
2026-09-15 19:13:17,235:INFO:Declaring metric variables
2026-09-15 19:13:17,235:INFO:Importing untrained model
2026-09-15 19:13:17,235:INFO:Gradient Boosting Classifier Imported successfully
2026-09-15 19:13:17,235:INFO:Starting cross validation
2026-09-15 19:13:17,236:INFO:Cross validating with StratifiedKFold(n_splits=10, random_state=None, shuffle=False), n_jobs=-1
2026-09-15 19:13:18,180:WARNING:C:\Users\mezzaluna anandita z\AppData\Local\Programs\Python\Python311\Lib\site-packages\pycaret\internal\metrics.py:204: FitFailedWarning: Metric 'make_scorer(roc_auc_score, response_method=('decision_function', 'predict_proba'), average=weighted, multi_class=ovr)' failed and error score 0.0 has been returned instead. If this is a custom metric, this usually means that the error is in the metric code. Full exception below:
Traceback (most recent call last):
  File "C:\Users\mezzaluna anandita z\AppData\Local\Programs\Python\Python311\Lib\site-packages\pycaret\internal\metrics.py", line 196, in _score
    return super()._score(
           ^^^^^^^^^^^^^^^
  File "C:\Users\mezzaluna anandita z\AppData\Local\Programs\Python\Python311\Lib\site-packages\sklearn\metrics\_scorer.py", line 350, in _score
    return self._sign * self._score_func(y_true, y_pred, **scoring_kwargs)
                        ^^^^^^^^^^^^^^^^^^^^^^^^^^^^^^^^^^^^^^^^^^^^^^^^^^
  File "C:\Users\mezzaluna anandita z\AppData\Local\Programs\Python\Python311\Lib\site-packages\pycaret\internal\metrics.py", line 144, in __call__
    return self.score_func(y_true, y_pred, **kwargs)
           ^^^^^^^^^^^^^^^^^^^^^^^^^^^^^^^^^^^^^^^^^
  File "C:\Users\mezzaluna anandita z\AppData\Local\Programs\Python\Python311\Lib\site-packages\sklearn\utils\_param_validation.py", line 213, in wrapper
    return func(*args, **kwargs)
           ^^^^^^^^^^^^^^^^^^^^^
  File "C:\Users\mezzaluna anandita z\AppData\Local\Programs\Python\Python311\Lib\site-packages\sklearn\metrics\_ranking.py", line 634, in roc_auc_score
    return _multiclass_roc_auc_score(
           ^^^^^^^^^^^^^^^^^^^^^^^^^^
  File "C:\Users\mezzaluna anandita z\AppData\Local\Programs\Python\Python311\Lib\site-packages\sklearn\metrics\_ranking.py", line 707, in _multiclass_roc_auc_score
    raise ValueError(
ValueError: Target scores need to be probabilities for multiclass roc_auc, i.e. they should sum up to 1.0 over classes

  warnings.warn(

2026-09-15 19:13:18,181:WARNING:C:\Users\mezzaluna anandita z\AppData\Local\Programs\Python\Python311\Lib\site-packages\pycaret\internal\metrics.py:204: FitFailedWarning: Metric 'make_scorer(roc_auc_score, response_method=('decision_function', 'predict_proba'), average=weighted, multi_class=ovr)' failed and error score 0.0 has been returned instead. If this is a custom metric, this usually means that the error is in the metric code. Full exception below:
Traceback (most recent call last):
  File "C:\Users\mezzaluna anandita z\AppData\Local\Programs\Python\Python311\Lib\site-packages\pycaret\internal\metrics.py", line 196, in _score
    return super()._score(
           ^^^^^^^^^^^^^^^
  File "C:\Users\mezzaluna anandita z\AppData\Local\Programs\Python\Python311\Lib\site-packages\sklearn\metrics\_scorer.py", line 350, in _score
    return self._sign * self._score_func(y_true, y_pred, **scoring_kwargs)
                        ^^^^^^^^^^^^^^^^^^^^^^^^^^^^^^^^^^^^^^^^^^^^^^^^^^
  File "C:\Users\mezzaluna anandita z\AppData\Local\Programs\Python\Python311\Lib\site-packages\pycaret\internal\metrics.py", line 144, in __call__
    return self.score_func(y_true, y_pred, **kwargs)
           ^^^^^^^^^^^^^^^^^^^^^^^^^^^^^^^^^^^^^^^^^
  File "C:\Users\mezzaluna anandita z\AppData\Local\Programs\Python\Python311\Lib\site-packages\sklearn\utils\_param_validation.py", line 213, in wrapper
    return func(*args, **kwargs)
           ^^^^^^^^^^^^^^^^^^^^^
  File "C:\Users\mezzaluna anandita z\AppData\Local\Programs\Python\Python311\Lib\site-packages\sklearn\metrics\_ranking.py", line 634, in roc_auc_score
    return _multiclass_roc_auc_score(
           ^^^^^^^^^^^^^^^^^^^^^^^^^^
  File "C:\Users\mezzaluna anandita z\AppData\Local\Programs\Python\Python311\Lib\site-packages\sklearn\metrics\_ranking.py", line 707, in _multiclass_roc_auc_score
    raise ValueError(
ValueError: Target scores need to be probabilities for multiclass roc_auc, i.e. they should sum up to 1.0 over classes

  warnings.warn(

2026-09-15 19:13:18,191:WARNING:C:\Users\mezzaluna anandita z\AppData\Local\Programs\Python\Python311\Lib\site-packages\pycaret\internal\metrics.py:204: FitFailedWarning: Metric 'make_scorer(roc_auc_score, response_method=('decision_function', 'predict_proba'), average=weighted, multi_class=ovr)' failed and error score 0.0 has been returned instead. If this is a custom metric, this usually means that the error is in the metric code. Full exception below:
Traceback (most recent call last):
  File "C:\Users\mezzaluna anandita z\AppData\Local\Programs\Python\Python311\Lib\site-packages\pycaret\internal\metrics.py", line 196, in _score
    return super()._score(
           ^^^^^^^^^^^^^^^
  File "C:\Users\mezzaluna anandita z\AppData\Local\Programs\Python\Python311\Lib\site-packages\sklearn\metrics\_scorer.py", line 350, in _score
    return self._sign * self._score_func(y_true, y_pred, **scoring_kwargs)
                        ^^^^^^^^^^^^^^^^^^^^^^^^^^^^^^^^^^^^^^^^^^^^^^^^^^
  File "C:\Users\mezzaluna anandita z\AppData\Local\Programs\Python\Python311\Lib\site-packages\pycaret\internal\metrics.py", line 144, in __call__
    return self.score_func(y_true, y_pred, **kwargs)
           ^^^^^^^^^^^^^^^^^^^^^^^^^^^^^^^^^^^^^^^^^
  File "C:\Users\mezzaluna anandita z\AppData\Local\Programs\Python\Python311\Lib\site-packages\sklearn\utils\_param_validation.py", line 213, in wrapper
    return func(*args, **kwargs)
           ^^^^^^^^^^^^^^^^^^^^^
  File "C:\Users\mezzaluna anandita z\AppData\Local\Programs\Python\Python311\Lib\site-packages\sklearn\metrics\_ranking.py", line 634, in roc_auc_score
    return _multiclass_roc_auc_score(
           ^^^^^^^^^^^^^^^^^^^^^^^^^^
  File "C:\Users\mezzaluna anandita z\AppData\Local\Programs\Python\Python311\Lib\site-packages\sklearn\metrics\_ranking.py", line 707, in _multiclass_roc_auc_score
    raise ValueError(
ValueError: Target scores need to be probabilities for multiclass roc_auc, i.e. they should sum up to 1.0 over classes

  warnings.warn(

2026-09-15 19:13:18,199:WARNING:C:\Users\mezzaluna anandita z\AppData\Local\Programs\Python\Python311\Lib\site-packages\pycaret\internal\metrics.py:204: FitFailedWarning: Metric 'make_scorer(roc_auc_score, response_method=('decision_function', 'predict_proba'), average=weighted, multi_class=ovr)' failed and error score 0.0 has been returned instead. If this is a custom metric, this usually means that the error is in the metric code. Full exception below:
Traceback (most recent call last):
  File "C:\Users\mezzaluna anandita z\AppData\Local\Programs\Python\Python311\Lib\site-packages\pycaret\internal\metrics.py", line 196, in _score
    return super()._score(
           ^^^^^^^^^^^^^^^
  File "C:\Users\mezzaluna anandita z\AppData\Local\Programs\Python\Python311\Lib\site-packages\sklearn\metrics\_scorer.py", line 350, in _score
    return self._sign * self._score_func(y_true, y_pred, **scoring_kwargs)
                        ^^^^^^^^^^^^^^^^^^^^^^^^^^^^^^^^^^^^^^^^^^^^^^^^^^
  File "C:\Users\mezzaluna anandita z\AppData\Local\Programs\Python\Python311\Lib\site-packages\pycaret\internal\metrics.py", line 144, in __call__
    return self.score_func(y_true, y_pred, **kwargs)
           ^^^^^^^^^^^^^^^^^^^^^^^^^^^^^^^^^^^^^^^^^
  File "C:\Users\mezzaluna anandita z\AppData\Local\Programs\Python\Python311\Lib\site-packages\sklearn\utils\_param_validation.py", line 213, in wrapper
    return func(*args, **kwargs)
           ^^^^^^^^^^^^^^^^^^^^^
  File "C:\Users\mezzaluna anandita z\AppData\Local\Programs\Python\Python311\Lib\site-packages\sklearn\metrics\_ranking.py", line 634, in roc_auc_score
    return _multiclass_roc_auc_score(
           ^^^^^^^^^^^^^^^^^^^^^^^^^^
  File "C:\Users\mezzaluna anandita z\AppData\Local\Programs\Python\Python311\Lib\site-packages\sklearn\metrics\_ranking.py", line 707, in _multiclass_roc_auc_score
    raise ValueError(
ValueError: Target scores need to be probabilities for multiclass roc_auc, i.e. they should sum up to 1.0 over classes

  warnings.warn(

2026-09-15 19:13:18,202:WARNING:C:\Users\mezzaluna anandita z\AppData\Local\Programs\Python\Python311\Lib\site-packages\pycaret\internal\metrics.py:204: FitFailedWarning: Metric 'make_scorer(roc_auc_score, response_method=('decision_function', 'predict_proba'), average=weighted, multi_class=ovr)' failed and error score 0.0 has been returned instead. If this is a custom metric, this usually means that the error is in the metric code. Full exception below:
Traceback (most recent call last):
  File "C:\Users\mezzaluna anandita z\AppData\Local\Programs\Python\Python311\Lib\site-packages\pycaret\internal\metrics.py", line 196, in _score
    return super()._score(
           ^^^^^^^^^^^^^^^
  File "C:\Users\mezzaluna anandita z\AppData\Local\Programs\Python\Python311\Lib\site-packages\sklearn\metrics\_scorer.py", line 350, in _score
    return self._sign * self._score_func(y_true, y_pred, **scoring_kwargs)
                        ^^^^^^^^^^^^^^^^^^^^^^^^^^^^^^^^^^^^^^^^^^^^^^^^^^
  File "C:\Users\mezzaluna anandita z\AppData\Local\Programs\Python\Python311\Lib\site-packages\pycaret\internal\metrics.py", line 144, in __call__
    return self.score_func(y_true, y_pred, **kwargs)
           ^^^^^^^^^^^^^^^^^^^^^^^^^^^^^^^^^^^^^^^^^
  File "C:\Users\mezzaluna anandita z\AppData\Local\Programs\Python\Python311\Lib\site-packages\sklearn\utils\_param_validation.py", line 213, in wrapper
    return func(*args, **kwargs)
           ^^^^^^^^^^^^^^^^^^^^^
  File "C:\Users\mezzaluna anandita z\AppData\Local\Programs\Python\Python311\Lib\site-packages\sklearn\metrics\_ranking.py", line 634, in roc_auc_score
    return _multiclass_roc_auc_score(
           ^^^^^^^^^^^^^^^^^^^^^^^^^^
  File "C:\Users\mezzaluna anandita z\AppData\Local\Programs\Python\Python311\Lib\site-packages\sklearn\metrics\_ranking.py", line 707, in _multiclass_roc_auc_score
    raise ValueError(
ValueError: Target scores need to be probabilities for multiclass roc_auc, i.e. they should sum up to 1.0 over classes

  warnings.warn(

2026-09-15 19:13:18,202:WARNING:C:\Users\mezzaluna anandita z\AppData\Local\Programs\Python\Python311\Lib\site-packages\pycaret\internal\metrics.py:204: FitFailedWarning: Metric 'make_scorer(roc_auc_score, response_method=('decision_function', 'predict_proba'), average=weighted, multi_class=ovr)' failed and error score 0.0 has been returned instead. If this is a custom metric, this usually means that the error is in the metric code. Full exception below:
Traceback (most recent call last):
  File "C:\Users\mezzaluna anandita z\AppData\Local\Programs\Python\Python311\Lib\site-packages\pycaret\internal\metrics.py", line 196, in _score
    return super()._score(
           ^^^^^^^^^^^^^^^
  File "C:\Users\mezzaluna anandita z\AppData\Local\Programs\Python\Python311\Lib\site-packages\sklearn\metrics\_scorer.py", line 350, in _score
    return self._sign * self._score_func(y_true, y_pred, **scoring_kwargs)
                        ^^^^^^^^^^^^^^^^^^^^^^^^^^^^^^^^^^^^^^^^^^^^^^^^^^
  File "C:\Users\mezzaluna anandita z\AppData\Local\Programs\Python\Python311\Lib\site-packages\pycaret\internal\metrics.py", line 144, in __call__
    return self.score_func(y_true, y_pred, **kwargs)
           ^^^^^^^^^^^^^^^^^^^^^^^^^^^^^^^^^^^^^^^^^
  File "C:\Users\mezzaluna anandita z\AppData\Local\Programs\Python\Python311\Lib\site-packages\sklearn\utils\_param_validation.py", line 213, in wrapper
    return func(*args, **kwargs)
           ^^^^^^^^^^^^^^^^^^^^^
  File "C:\Users\mezzaluna anandita z\AppData\Local\Programs\Python\Python311\Lib\site-packages\sklearn\metrics\_ranking.py", line 634, in roc_auc_score
    return _multiclass_roc_auc_score(
           ^^^^^^^^^^^^^^^^^^^^^^^^^^
  File "C:\Users\mezzaluna anandita z\AppData\Local\Programs\Python\Python311\Lib\site-packages\sklearn\metrics\_ranking.py", line 707, in _multiclass_roc_auc_score
    raise ValueError(
ValueError: Target scores need to be probabilities for multiclass roc_auc, i.e. they should sum up to 1.0 over classes

  warnings.warn(

2026-09-15 19:13:18,203:WARNING:C:\Users\mezzaluna anandita z\AppData\Local\Programs\Python\Python311\Lib\site-packages\pycaret\internal\metrics.py:204: FitFailedWarning: Metric 'make_scorer(roc_auc_score, response_method=('decision_function', 'predict_proba'), average=weighted, multi_class=ovr)' failed and error score 0.0 has been returned instead. If this is a custom metric, this usually means that the error is in the metric code. Full exception below:
Traceback (most recent call last):
  File "C:\Users\mezzaluna anandita z\AppData\Local\Programs\Python\Python311\Lib\site-packages\pycaret\internal\metrics.py", line 196, in _score
    return super()._score(
           ^^^^^^^^^^^^^^^
  File "C:\Users\mezzaluna anandita z\AppData\Local\Programs\Python\Python311\Lib\site-packages\sklearn\metrics\_scorer.py", line 350, in _score
    return self._sign * self._score_func(y_true, y_pred, **scoring_kwargs)
                        ^^^^^^^^^^^^^^^^^^^^^^^^^^^^^^^^^^^^^^^^^^^^^^^^^^
  File "C:\Users\mezzaluna anandita z\AppData\Local\Programs\Python\Python311\Lib\site-packages\pycaret\internal\metrics.py", line 144, in __call__
    return self.score_func(y_true, y_pred, **kwargs)
           ^^^^^^^^^^^^^^^^^^^^^^^^^^^^^^^^^^^^^^^^^
  File "C:\Users\mezzaluna anandita z\AppData\Local\Programs\Python\Python311\Lib\site-packages\sklearn\utils\_param_validation.py", line 213, in wrapper
    return func(*args, **kwargs)
           ^^^^^^^^^^^^^^^^^^^^^
  File "C:\Users\mezzaluna anandita z\AppData\Local\Programs\Python\Python311\Lib\site-packages\sklearn\metrics\_ranking.py", line 634, in roc_auc_score
    return _multiclass_roc_auc_score(
           ^^^^^^^^^^^^^^^^^^^^^^^^^^
  File "C:\Users\mezzaluna anandita z\AppData\Local\Programs\Python\Python311\Lib\site-packages\sklearn\metrics\_ranking.py", line 707, in _multiclass_roc_auc_score
    raise ValueError(
ValueError: Target scores need to be probabilities for multiclass roc_auc, i.e. they should sum up to 1.0 over classes

  warnings.warn(

2026-09-15 19:13:18,205:WARNING:C:\Users\mezzaluna anandita z\AppData\Local\Programs\Python\Python311\Lib\site-packages\pycaret\internal\metrics.py:204: FitFailedWarning: Metric 'make_scorer(roc_auc_score, response_method=('decision_function', 'predict_proba'), average=weighted, multi_class=ovr)' failed and error score 0.0 has been returned instead. If this is a custom metric, this usually means that the error is in the metric code. Full exception below:
Traceback (most recent call last):
  File "C:\Users\mezzaluna anandita z\AppData\Local\Programs\Python\Python311\Lib\site-packages\pycaret\internal\metrics.py", line 196, in _score
    return super()._score(
           ^^^^^^^^^^^^^^^
  File "C:\Users\mezzaluna anandita z\AppData\Local\Programs\Python\Python311\Lib\site-packages\sklearn\metrics\_scorer.py", line 350, in _score
    return self._sign * self._score_func(y_true, y_pred, **scoring_kwargs)
                        ^^^^^^^^^^^^^^^^^^^^^^^^^^^^^^^^^^^^^^^^^^^^^^^^^^
  File "C:\Users\mezzaluna anandita z\AppData\Local\Programs\Python\Python311\Lib\site-packages\pycaret\internal\metrics.py", line 144, in __call__
    return self.score_func(y_true, y_pred, **kwargs)
           ^^^^^^^^^^^^^^^^^^^^^^^^^^^^^^^^^^^^^^^^^
  File "C:\Users\mezzaluna anandita z\AppData\Local\Programs\Python\Python311\Lib\site-packages\sklearn\utils\_param_validation.py", line 213, in wrapper
    return func(*args, **kwargs)
           ^^^^^^^^^^^^^^^^^^^^^
  File "C:\Users\mezzaluna anandita z\AppData\Local\Programs\Python\Python311\Lib\site-packages\sklearn\metrics\_ranking.py", line 634, in roc_auc_score
    return _multiclass_roc_auc_score(
           ^^^^^^^^^^^^^^^^^^^^^^^^^^
  File "C:\Users\mezzaluna anandita z\AppData\Local\Programs\Python\Python311\Lib\site-packages\sklearn\metrics\_ranking.py", line 707, in _multiclass_roc_auc_score
    raise ValueError(
ValueError: Target scores need to be probabilities for multiclass roc_auc, i.e. they should sum up to 1.0 over classes

  warnings.warn(

2026-09-15 19:13:18,210:WARNING:C:\Users\mezzaluna anandita z\AppData\Local\Programs\Python\Python311\Lib\site-packages\pycaret\internal\metrics.py:204: FitFailedWarning: Metric 'make_scorer(roc_auc_score, response_method=('decision_function', 'predict_proba'), average=weighted, multi_class=ovr)' failed and error score 0.0 has been returned instead. If this is a custom metric, this usually means that the error is in the metric code. Full exception below:
Traceback (most recent call last):
  File "C:\Users\mezzaluna anandita z\AppData\Local\Programs\Python\Python311\Lib\site-packages\pycaret\internal\metrics.py", line 196, in _score
    return super()._score(
           ^^^^^^^^^^^^^^^
  File "C:\Users\mezzaluna anandita z\AppData\Local\Programs\Python\Python311\Lib\site-packages\sklearn\metrics\_scorer.py", line 350, in _score
    return self._sign * self._score_func(y_true, y_pred, **scoring_kwargs)
                        ^^^^^^^^^^^^^^^^^^^^^^^^^^^^^^^^^^^^^^^^^^^^^^^^^^
  File "C:\Users\mezzaluna anandita z\AppData\Local\Programs\Python\Python311\Lib\site-packages\pycaret\internal\metrics.py", line 144, in __call__
    return self.score_func(y_true, y_pred, **kwargs)
           ^^^^^^^^^^^^^^^^^^^^^^^^^^^^^^^^^^^^^^^^^
  File "C:\Users\mezzaluna anandita z\AppData\Local\Programs\Python\Python311\Lib\site-packages\sklearn\utils\_param_validation.py", line 213, in wrapper
    return func(*args, **kwargs)
           ^^^^^^^^^^^^^^^^^^^^^
  File "C:\Users\mezzaluna anandita z\AppData\Local\Programs\Python\Python311\Lib\site-packages\sklearn\metrics\_ranking.py", line 634, in roc_auc_score
    return _multiclass_roc_auc_score(
           ^^^^^^^^^^^^^^^^^^^^^^^^^^
  File "C:\Users\mezzaluna anandita z\AppData\Local\Programs\Python\Python311\Lib\site-packages\sklearn\metrics\_ranking.py", line 707, in _multiclass_roc_auc_score
    raise ValueError(
ValueError: Target scores need to be probabilities for multiclass roc_auc, i.e. they should sum up to 1.0 over classes

  warnings.warn(

2026-09-15 19:13:18,229:WARNING:C:\Users\mezzaluna anandita z\AppData\Local\Programs\Python\Python311\Lib\site-packages\pycaret\internal\metrics.py:204: FitFailedWarning: Metric 'make_scorer(roc_auc_score, response_method=('decision_function', 'predict_proba'), average=weighted, multi_class=ovr)' failed and error score 0.0 has been returned instead. If this is a custom metric, this usually means that the error is in the metric code. Full exception below:
Traceback (most recent call last):
  File "C:\Users\mezzaluna anandita z\AppData\Local\Programs\Python\Python311\Lib\site-packages\pycaret\internal\metrics.py", line 196, in _score
    return super()._score(
           ^^^^^^^^^^^^^^^
  File "C:\Users\mezzaluna anandita z\AppData\Local\Programs\Python\Python311\Lib\site-packages\sklearn\metrics\_scorer.py", line 350, in _score
    return self._sign * self._score_func(y_true, y_pred, **scoring_kwargs)
                        ^^^^^^^^^^^^^^^^^^^^^^^^^^^^^^^^^^^^^^^^^^^^^^^^^^
  File "C:\Users\mezzaluna anandita z\AppData\Local\Programs\Python\Python311\Lib\site-packages\pycaret\internal\metrics.py", line 144, in __call__
    return self.score_func(y_true, y_pred, **kwargs)
           ^^^^^^^^^^^^^^^^^^^^^^^^^^^^^^^^^^^^^^^^^
  File "C:\Users\mezzaluna anandita z\AppData\Local\Programs\Python\Python311\Lib\site-packages\sklearn\utils\_param_validation.py", line 213, in wrapper
    return func(*args, **kwargs)
           ^^^^^^^^^^^^^^^^^^^^^
  File "C:\Users\mezzaluna anandita z\AppData\Local\Programs\Python\Python311\Lib\site-packages\sklearn\metrics\_ranking.py", line 634, in roc_auc_score
    return _multiclass_roc_auc_score(
           ^^^^^^^^^^^^^^^^^^^^^^^^^^
  File "C:\Users\mezzaluna anandita z\AppData\Local\Programs\Python\Python311\Lib\site-packages\sklearn\metrics\_ranking.py", line 707, in _multiclass_roc_auc_score
    raise ValueError(
ValueError: Target scores need to be probabilities for multiclass roc_auc, i.e. they should sum up to 1.0 over classes

  warnings.warn(

2026-09-15 19:13:18,249:INFO:Calculating mean and std
2026-09-15 19:13:18,250:INFO:Creating metrics dataframe
2026-09-15 19:13:18,252:INFO:Uploading results into container
2026-09-15 19:13:18,252:INFO:Uploading model into container now
2026-09-15 19:13:18,253:INFO:_master_model_container: 10
2026-09-15 19:13:18,253:INFO:_display_container: 2
2026-09-15 19:13:18,253:INFO:GradientBoostingClassifier(ccp_alpha=0.0, criterion='friedman_mse', init=None,
                           learning_rate=0.1, loss='log_loss', max_depth=3,
                           max_features=None, max_leaf_nodes=None,
                           min_impurity_decrease=0.0, min_samples_leaf=1,
                           min_samples_split=2, min_weight_fraction_leaf=0.0,
                           n_estimators=100, n_iter_no_change=None,
                           random_state=0, subsample=1.0, tol=0.0001,
                           validation_fraction=0.1, verbose=0,
                           warm_start=False)
2026-09-15 19:13:18,253:INFO:create_model() successfully completed......................................
2026-09-15 19:13:18,329:INFO:SubProcess create_model() end ==================================
2026-09-15 19:13:18,330:INFO:Creating metrics dataframe
2026-09-15 19:13:18,333:INFO:Initializing Linear Discriminant Analysis
2026-09-15 19:13:18,333:INFO:Total runtime is 0.329600993792216 minutes
2026-09-15 19:13:18,333:INFO:SubProcess create_model() called ==================================
2026-09-15 19:13:18,334:INFO:Initializing create_model()
2026-09-15 19:13:18,334:INFO:create_model(self=<pycaret.classification.oop.ClassificationExperiment object at 0x000001C188036C90>, estimator=lda, fold=StratifiedKFold(n_splits=10, random_state=None, shuffle=False), round=4, cross_validation=True, predict=True, fit_kwargs={}, groups=None, refit=False, probability_threshold=None, experiment_custom_tags=None, verbose=False, system=False, add_to_model_list=True, metrics=None, display=<pycaret.internal.display.display.CommonDisplay object at 0x000001C18D324990>, model_only=True, return_train_score=False, error_score=0.0, kwargs={})
2026-09-15 19:13:18,334:INFO:Checking exceptions
2026-09-15 19:13:18,334:INFO:Importing libraries
2026-09-15 19:13:18,334:INFO:Copying training dataset
2026-09-15 19:13:18,337:INFO:Defining folds
2026-09-15 19:13:18,337:INFO:Declaring metric variables
2026-09-15 19:13:18,337:INFO:Importing untrained model
2026-09-15 19:13:18,337:INFO:Linear Discriminant Analysis Imported successfully
2026-09-15 19:13:18,337:INFO:Starting cross validation
2026-09-15 19:13:18,339:INFO:Cross validating with StratifiedKFold(n_splits=10, random_state=None, shuffle=False), n_jobs=-1
2026-09-15 19:13:18,450:WARNING:C:\Users\mezzaluna anandita z\AppData\Local\Programs\Python\Python311\Lib\site-packages\pycaret\internal\metrics.py:204: FitFailedWarning: Metric 'make_scorer(roc_auc_score, response_method=('decision_function', 'predict_proba'), average=weighted, multi_class=ovr)' failed and error score 0.0 has been returned instead. If this is a custom metric, this usually means that the error is in the metric code. Full exception below:
Traceback (most recent call last):
  File "C:\Users\mezzaluna anandita z\AppData\Local\Programs\Python\Python311\Lib\site-packages\pycaret\internal\metrics.py", line 196, in _score
    return super()._score(
           ^^^^^^^^^^^^^^^
  File "C:\Users\mezzaluna anandita z\AppData\Local\Programs\Python\Python311\Lib\site-packages\sklearn\metrics\_scorer.py", line 350, in _score
    return self._sign * self._score_func(y_true, y_pred, **scoring_kwargs)
                        ^^^^^^^^^^^^^^^^^^^^^^^^^^^^^^^^^^^^^^^^^^^^^^^^^^
  File "C:\Users\mezzaluna anandita z\AppData\Local\Programs\Python\Python311\Lib\site-packages\pycaret\internal\metrics.py", line 144, in __call__
    return self.score_func(y_true, y_pred, **kwargs)
           ^^^^^^^^^^^^^^^^^^^^^^^^^^^^^^^^^^^^^^^^^
  File "C:\Users\mezzaluna anandita z\AppData\Local\Programs\Python\Python311\Lib\site-packages\sklearn\utils\_param_validation.py", line 213, in wrapper
    return func(*args, **kwargs)
           ^^^^^^^^^^^^^^^^^^^^^
  File "C:\Users\mezzaluna anandita z\AppData\Local\Programs\Python\Python311\Lib\site-packages\sklearn\metrics\_ranking.py", line 634, in roc_auc_score
    return _multiclass_roc_auc_score(
           ^^^^^^^^^^^^^^^^^^^^^^^^^^
  File "C:\Users\mezzaluna anandita z\AppData\Local\Programs\Python\Python311\Lib\site-packages\sklearn\metrics\_ranking.py", line 707, in _multiclass_roc_auc_score
    raise ValueError(
ValueError: Target scores need to be probabilities for multiclass roc_auc, i.e. they should sum up to 1.0 over classes

  warnings.warn(

2026-09-15 19:13:18,450:WARNING:C:\Users\mezzaluna anandita z\AppData\Local\Programs\Python\Python311\Lib\site-packages\pycaret\internal\metrics.py:204: FitFailedWarning: Metric 'make_scorer(roc_auc_score, response_method=('decision_function', 'predict_proba'), average=weighted, multi_class=ovr)' failed and error score 0.0 has been returned instead. If this is a custom metric, this usually means that the error is in the metric code. Full exception below:
Traceback (most recent call last):
  File "C:\Users\mezzaluna anandita z\AppData\Local\Programs\Python\Python311\Lib\site-packages\pycaret\internal\metrics.py", line 196, in _score
    return super()._score(
           ^^^^^^^^^^^^^^^
  File "C:\Users\mezzaluna anandita z\AppData\Local\Programs\Python\Python311\Lib\site-packages\sklearn\metrics\_scorer.py", line 350, in _score
    return self._sign * self._score_func(y_true, y_pred, **scoring_kwargs)
                        ^^^^^^^^^^^^^^^^^^^^^^^^^^^^^^^^^^^^^^^^^^^^^^^^^^
  File "C:\Users\mezzaluna anandita z\AppData\Local\Programs\Python\Python311\Lib\site-packages\pycaret\internal\metrics.py", line 144, in __call__
    return self.score_func(y_true, y_pred, **kwargs)
           ^^^^^^^^^^^^^^^^^^^^^^^^^^^^^^^^^^^^^^^^^
  File "C:\Users\mezzaluna anandita z\AppData\Local\Programs\Python\Python311\Lib\site-packages\sklearn\utils\_param_validation.py", line 213, in wrapper
    return func(*args, **kwargs)
           ^^^^^^^^^^^^^^^^^^^^^
  File "C:\Users\mezzaluna anandita z\AppData\Local\Programs\Python\Python311\Lib\site-packages\sklearn\metrics\_ranking.py", line 634, in roc_auc_score
    return _multiclass_roc_auc_score(
           ^^^^^^^^^^^^^^^^^^^^^^^^^^
  File "C:\Users\mezzaluna anandita z\AppData\Local\Programs\Python\Python311\Lib\site-packages\sklearn\metrics\_ranking.py", line 707, in _multiclass_roc_auc_score
    raise ValueError(
ValueError: Target scores need to be probabilities for multiclass roc_auc, i.e. they should sum up to 1.0 over classes

  warnings.warn(

2026-09-15 19:13:18,451:WARNING:C:\Users\mezzaluna anandita z\AppData\Local\Programs\Python\Python311\Lib\site-packages\pycaret\internal\metrics.py:204: FitFailedWarning: Metric 'make_scorer(roc_auc_score, response_method=('decision_function', 'predict_proba'), average=weighted, multi_class=ovr)' failed and error score 0.0 has been returned instead. If this is a custom metric, this usually means that the error is in the metric code. Full exception below:
Traceback (most recent call last):
  File "C:\Users\mezzaluna anandita z\AppData\Local\Programs\Python\Python311\Lib\site-packages\pycaret\internal\metrics.py", line 196, in _score
    return super()._score(
           ^^^^^^^^^^^^^^^
  File "C:\Users\mezzaluna anandita z\AppData\Local\Programs\Python\Python311\Lib\site-packages\sklearn\metrics\_scorer.py", line 350, in _score
    return self._sign * self._score_func(y_true, y_pred, **scoring_kwargs)
                        ^^^^^^^^^^^^^^^^^^^^^^^^^^^^^^^^^^^^^^^^^^^^^^^^^^
  File "C:\Users\mezzaluna anandita z\AppData\Local\Programs\Python\Python311\Lib\site-packages\pycaret\internal\metrics.py", line 144, in __call__
    return self.score_func(y_true, y_pred, **kwargs)
           ^^^^^^^^^^^^^^^^^^^^^^^^^^^^^^^^^^^^^^^^^
  File "C:\Users\mezzaluna anandita z\AppData\Local\Programs\Python\Python311\Lib\site-packages\sklearn\utils\_param_validation.py", line 213, in wrapper
    return func(*args, **kwargs)
           ^^^^^^^^^^^^^^^^^^^^^
  File "C:\Users\mezzaluna anandita z\AppData\Local\Programs\Python\Python311\Lib\site-packages\sklearn\metrics\_ranking.py", line 634, in roc_auc_score
    return _multiclass_roc_auc_score(
           ^^^^^^^^^^^^^^^^^^^^^^^^^^
  File "C:\Users\mezzaluna anandita z\AppData\Local\Programs\Python\Python311\Lib\site-packages\sklearn\metrics\_ranking.py", line 707, in _multiclass_roc_auc_score
    raise ValueError(
ValueError: Target scores need to be probabilities for multiclass roc_auc, i.e. they should sum up to 1.0 over classes

  warnings.warn(

2026-09-15 19:13:18,451:WARNING:C:\Users\mezzaluna anandita z\AppData\Local\Programs\Python\Python311\Lib\site-packages\pycaret\internal\metrics.py:204: FitFailedWarning: Metric 'make_scorer(roc_auc_score, response_method=('decision_function', 'predict_proba'), average=weighted, multi_class=ovr)' failed and error score 0.0 has been returned instead. If this is a custom metric, this usually means that the error is in the metric code. Full exception below:
Traceback (most recent call last):
  File "C:\Users\mezzaluna anandita z\AppData\Local\Programs\Python\Python311\Lib\site-packages\pycaret\internal\metrics.py", line 196, in _score
    return super()._score(
           ^^^^^^^^^^^^^^^
  File "C:\Users\mezzaluna anandita z\AppData\Local\Programs\Python\Python311\Lib\site-packages\sklearn\metrics\_scorer.py", line 350, in _score
    return self._sign * self._score_func(y_true, y_pred, **scoring_kwargs)
                        ^^^^^^^^^^^^^^^^^^^^^^^^^^^^^^^^^^^^^^^^^^^^^^^^^^
  File "C:\Users\mezzaluna anandita z\AppData\Local\Programs\Python\Python311\Lib\site-packages\pycaret\internal\metrics.py", line 144, in __call__
    return self.score_func(y_true, y_pred, **kwargs)
           ^^^^^^^^^^^^^^^^^^^^^^^^^^^^^^^^^^^^^^^^^
  File "C:\Users\mezzaluna anandita z\AppData\Local\Programs\Python\Python311\Lib\site-packages\sklearn\utils\_param_validation.py", line 213, in wrapper
    return func(*args, **kwargs)
           ^^^^^^^^^^^^^^^^^^^^^
  File "C:\Users\mezzaluna anandita z\AppData\Local\Programs\Python\Python311\Lib\site-packages\sklearn\metrics\_ranking.py", line 634, in roc_auc_score
    return _multiclass_roc_auc_score(
           ^^^^^^^^^^^^^^^^^^^^^^^^^^
  File "C:\Users\mezzaluna anandita z\AppData\Local\Programs\Python\Python311\Lib\site-packages\sklearn\metrics\_ranking.py", line 707, in _multiclass_roc_auc_score
    raise ValueError(
ValueError: Target scores need to be probabilities for multiclass roc_auc, i.e. they should sum up to 1.0 over classes

  warnings.warn(

2026-09-15 19:13:18,453:WARNING:C:\Users\mezzaluna anandita z\AppData\Local\Programs\Python\Python311\Lib\site-packages\pycaret\internal\metrics.py:204: FitFailedWarning: Metric 'make_scorer(roc_auc_score, response_method=('decision_function', 'predict_proba'), average=weighted, multi_class=ovr)' failed and error score 0.0 has been returned instead. If this is a custom metric, this usually means that the error is in the metric code. Full exception below:
Traceback (most recent call last):
  File "C:\Users\mezzaluna anandita z\AppData\Local\Programs\Python\Python311\Lib\site-packages\pycaret\internal\metrics.py", line 196, in _score
    return super()._score(
           ^^^^^^^^^^^^^^^
  File "C:\Users\mezzaluna anandita z\AppData\Local\Programs\Python\Python311\Lib\site-packages\sklearn\metrics\_scorer.py", line 350, in _score
    return self._sign * self._score_func(y_true, y_pred, **scoring_kwargs)
                        ^^^^^^^^^^^^^^^^^^^^^^^^^^^^^^^^^^^^^^^^^^^^^^^^^^
  File "C:\Users\mezzaluna anandita z\AppData\Local\Programs\Python\Python311\Lib\site-packages\pycaret\internal\metrics.py", line 144, in __call__
    return self.score_func(y_true, y_pred, **kwargs)
           ^^^^^^^^^^^^^^^^^^^^^^^^^^^^^^^^^^^^^^^^^
  File "C:\Users\mezzaluna anandita z\AppData\Local\Programs\Python\Python311\Lib\site-packages\sklearn\utils\_param_validation.py", line 213, in wrapper
    return func(*args, **kwargs)
           ^^^^^^^^^^^^^^^^^^^^^
  File "C:\Users\mezzaluna anandita z\AppData\Local\Programs\Python\Python311\Lib\site-packages\sklearn\metrics\_ranking.py", line 634, in roc_auc_score
    return _multiclass_roc_auc_score(
           ^^^^^^^^^^^^^^^^^^^^^^^^^^
  File "C:\Users\mezzaluna anandita z\AppData\Local\Programs\Python\Python311\Lib\site-packages\sklearn\metrics\_ranking.py", line 707, in _multiclass_roc_auc_score
    raise ValueError(
ValueError: Target scores need to be probabilities for multiclass roc_auc, i.e. they should sum up to 1.0 over classes

  warnings.warn(

2026-09-15 19:13:18,453:WARNING:C:\Users\mezzaluna anandita z\AppData\Local\Programs\Python\Python311\Lib\site-packages\pycaret\internal\metrics.py:204: FitFailedWarning: Metric 'make_scorer(roc_auc_score, response_method=('decision_function', 'predict_proba'), average=weighted, multi_class=ovr)' failed and error score 0.0 has been returned instead. If this is a custom metric, this usually means that the error is in the metric code. Full exception below:
Traceback (most recent call last):
  File "C:\Users\mezzaluna anandita z\AppData\Local\Programs\Python\Python311\Lib\site-packages\pycaret\internal\metrics.py", line 196, in _score
    return super()._score(
           ^^^^^^^^^^^^^^^
  File "C:\Users\mezzaluna anandita z\AppData\Local\Programs\Python\Python311\Lib\site-packages\sklearn\metrics\_scorer.py", line 350, in _score
    return self._sign * self._score_func(y_true, y_pred, **scoring_kwargs)
                        ^^^^^^^^^^^^^^^^^^^^^^^^^^^^^^^^^^^^^^^^^^^^^^^^^^
  File "C:\Users\mezzaluna anandita z\AppData\Local\Programs\Python\Python311\Lib\site-packages\pycaret\internal\metrics.py", line 144, in __call__
    return self.score_func(y_true, y_pred, **kwargs)
           ^^^^^^^^^^^^^^^^^^^^^^^^^^^^^^^^^^^^^^^^^
  File "C:\Users\mezzaluna anandita z\AppData\Local\Programs\Python\Python311\Lib\site-packages\sklearn\utils\_param_validation.py", line 213, in wrapper
    return func(*args, **kwargs)
           ^^^^^^^^^^^^^^^^^^^^^
  File "C:\Users\mezzaluna anandita z\AppData\Local\Programs\Python\Python311\Lib\site-packages\sklearn\metrics\_ranking.py", line 634, in roc_auc_score
    return _multiclass_roc_auc_score(
           ^^^^^^^^^^^^^^^^^^^^^^^^^^
  File "C:\Users\mezzaluna anandita z\AppData\Local\Programs\Python\Python311\Lib\site-packages\sklearn\metrics\_ranking.py", line 707, in _multiclass_roc_auc_score
    raise ValueError(
ValueError: Target scores need to be probabilities for multiclass roc_auc, i.e. they should sum up to 1.0 over classes

  warnings.warn(

2026-09-15 19:13:18,453:WARNING:C:\Users\mezzaluna anandita z\AppData\Local\Programs\Python\Python311\Lib\site-packages\pycaret\internal\metrics.py:204: FitFailedWarning: Metric 'make_scorer(roc_auc_score, response_method=('decision_function', 'predict_proba'), average=weighted, multi_class=ovr)' failed and error score 0.0 has been returned instead. If this is a custom metric, this usually means that the error is in the metric code. Full exception below:
Traceback (most recent call last):
  File "C:\Users\mezzaluna anandita z\AppData\Local\Programs\Python\Python311\Lib\site-packages\pycaret\internal\metrics.py", line 196, in _score
    return super()._score(
           ^^^^^^^^^^^^^^^
  File "C:\Users\mezzaluna anandita z\AppData\Local\Programs\Python\Python311\Lib\site-packages\sklearn\metrics\_scorer.py", line 350, in _score
    return self._sign * self._score_func(y_true, y_pred, **scoring_kwargs)
                        ^^^^^^^^^^^^^^^^^^^^^^^^^^^^^^^^^^^^^^^^^^^^^^^^^^
  File "C:\Users\mezzaluna anandita z\AppData\Local\Programs\Python\Python311\Lib\site-packages\pycaret\internal\metrics.py", line 144, in __call__
    return self.score_func(y_true, y_pred, **kwargs)
           ^^^^^^^^^^^^^^^^^^^^^^^^^^^^^^^^^^^^^^^^^
  File "C:\Users\mezzaluna anandita z\AppData\Local\Programs\Python\Python311\Lib\site-packages\sklearn\utils\_param_validation.py", line 213, in wrapper
    return func(*args, **kwargs)
           ^^^^^^^^^^^^^^^^^^^^^
  File "C:\Users\mezzaluna anandita z\AppData\Local\Programs\Python\Python311\Lib\site-packages\sklearn\metrics\_ranking.py", line 634, in roc_auc_score
    return _multiclass_roc_auc_score(
           ^^^^^^^^^^^^^^^^^^^^^^^^^^
  File "C:\Users\mezzaluna anandita z\AppData\Local\Programs\Python\Python311\Lib\site-packages\sklearn\metrics\_ranking.py", line 707, in _multiclass_roc_auc_score
    raise ValueError(
ValueError: Target scores need to be probabilities for multiclass roc_auc, i.e. they should sum up to 1.0 over classes

  warnings.warn(

2026-09-15 19:13:18,454:WARNING:C:\Users\mezzaluna anandita z\AppData\Local\Programs\Python\Python311\Lib\site-packages\pycaret\internal\metrics.py:204: FitFailedWarning: Metric 'make_scorer(roc_auc_score, response_method=('decision_function', 'predict_proba'), average=weighted, multi_class=ovr)' failed and error score 0.0 has been returned instead. If this is a custom metric, this usually means that the error is in the metric code. Full exception below:
Traceback (most recent call last):
  File "C:\Users\mezzaluna anandita z\AppData\Local\Programs\Python\Python311\Lib\site-packages\pycaret\internal\metrics.py", line 196, in _score
    return super()._score(
           ^^^^^^^^^^^^^^^
  File "C:\Users\mezzaluna anandita z\AppData\Local\Programs\Python\Python311\Lib\site-packages\sklearn\metrics\_scorer.py", line 350, in _score
    return self._sign * self._score_func(y_true, y_pred, **scoring_kwargs)
                        ^^^^^^^^^^^^^^^^^^^^^^^^^^^^^^^^^^^^^^^^^^^^^^^^^^
  File "C:\Users\mezzaluna anandita z\AppData\Local\Programs\Python\Python311\Lib\site-packages\pycaret\internal\metrics.py", line 144, in __call__
    return self.score_func(y_true, y_pred, **kwargs)
           ^^^^^^^^^^^^^^^^^^^^^^^^^^^^^^^^^^^^^^^^^
  File "C:\Users\mezzaluna anandita z\AppData\Local\Programs\Python\Python311\Lib\site-packages\sklearn\utils\_param_validation.py", line 213, in wrapper
    return func(*args, **kwargs)
           ^^^^^^^^^^^^^^^^^^^^^
  File "C:\Users\mezzaluna anandita z\AppData\Local\Programs\Python\Python311\Lib\site-packages\sklearn\metrics\_ranking.py", line 634, in roc_auc_score
    return _multiclass_roc_auc_score(
           ^^^^^^^^^^^^^^^^^^^^^^^^^^
  File "C:\Users\mezzaluna anandita z\AppData\Local\Programs\Python\Python311\Lib\site-packages\sklearn\metrics\_ranking.py", line 707, in _multiclass_roc_auc_score
    raise ValueError(
ValueError: Target scores need to be probabilities for multiclass roc_auc, i.e. they should sum up to 1.0 over classes

  warnings.warn(

2026-09-15 19:13:18,457:WARNING:C:\Users\mezzaluna anandita z\AppData\Local\Programs\Python\Python311\Lib\site-packages\pycaret\internal\metrics.py:204: FitFailedWarning: Metric 'make_scorer(roc_auc_score, response_method=('decision_function', 'predict_proba'), average=weighted, multi_class=ovr)' failed and error score 0.0 has been returned instead. If this is a custom metric, this usually means that the error is in the metric code. Full exception below:
Traceback (most recent call last):
  File "C:\Users\mezzaluna anandita z\AppData\Local\Programs\Python\Python311\Lib\site-packages\pycaret\internal\metrics.py", line 196, in _score
    return super()._score(
           ^^^^^^^^^^^^^^^
  File "C:\Users\mezzaluna anandita z\AppData\Local\Programs\Python\Python311\Lib\site-packages\sklearn\metrics\_scorer.py", line 350, in _score
    return self._sign * self._score_func(y_true, y_pred, **scoring_kwargs)
                        ^^^^^^^^^^^^^^^^^^^^^^^^^^^^^^^^^^^^^^^^^^^^^^^^^^
  File "C:\Users\mezzaluna anandita z\AppData\Local\Programs\Python\Python311\Lib\site-packages\pycaret\internal\metrics.py", line 144, in __call__
    return self.score_func(y_true, y_pred, **kwargs)
           ^^^^^^^^^^^^^^^^^^^^^^^^^^^^^^^^^^^^^^^^^
  File "C:\Users\mezzaluna anandita z\AppData\Local\Programs\Python\Python311\Lib\site-packages\sklearn\utils\_param_validation.py", line 213, in wrapper
    return func(*args, **kwargs)
           ^^^^^^^^^^^^^^^^^^^^^
  File "C:\Users\mezzaluna anandita z\AppData\Local\Programs\Python\Python311\Lib\site-packages\sklearn\metrics\_ranking.py", line 634, in roc_auc_score
    return _multiclass_roc_auc_score(
           ^^^^^^^^^^^^^^^^^^^^^^^^^^
  File "C:\Users\mezzaluna anandita z\AppData\Local\Programs\Python\Python311\Lib\site-packages\sklearn\metrics\_ranking.py", line 707, in _multiclass_roc_auc_score
    raise ValueError(
ValueError: Target scores need to be probabilities for multiclass roc_auc, i.e. they should sum up to 1.0 over classes

  warnings.warn(

2026-09-15 19:13:18,457:WARNING:C:\Users\mezzaluna anandita z\AppData\Local\Programs\Python\Python311\Lib\site-packages\pycaret\internal\metrics.py:204: FitFailedWarning: Metric 'make_scorer(roc_auc_score, response_method=('decision_function', 'predict_proba'), average=weighted, multi_class=ovr)' failed and error score 0.0 has been returned instead. If this is a custom metric, this usually means that the error is in the metric code. Full exception below:
Traceback (most recent call last):
  File "C:\Users\mezzaluna anandita z\AppData\Local\Programs\Python\Python311\Lib\site-packages\pycaret\internal\metrics.py", line 196, in _score
    return super()._score(
           ^^^^^^^^^^^^^^^
  File "C:\Users\mezzaluna anandita z\AppData\Local\Programs\Python\Python311\Lib\site-packages\sklearn\metrics\_scorer.py", line 350, in _score
    return self._sign * self._score_func(y_true, y_pred, **scoring_kwargs)
                        ^^^^^^^^^^^^^^^^^^^^^^^^^^^^^^^^^^^^^^^^^^^^^^^^^^
  File "C:\Users\mezzaluna anandita z\AppData\Local\Programs\Python\Python311\Lib\site-packages\pycaret\internal\metrics.py", line 144, in __call__
    return self.score_func(y_true, y_pred, **kwargs)
           ^^^^^^^^^^^^^^^^^^^^^^^^^^^^^^^^^^^^^^^^^
  File "C:\Users\mezzaluna anandita z\AppData\Local\Programs\Python\Python311\Lib\site-packages\sklearn\utils\_param_validation.py", line 213, in wrapper
    return func(*args, **kwargs)
           ^^^^^^^^^^^^^^^^^^^^^
  File "C:\Users\mezzaluna anandita z\AppData\Local\Programs\Python\Python311\Lib\site-packages\sklearn\metrics\_ranking.py", line 634, in roc_auc_score
    return _multiclass_roc_auc_score(
           ^^^^^^^^^^^^^^^^^^^^^^^^^^
  File "C:\Users\mezzaluna anandita z\AppData\Local\Programs\Python\Python311\Lib\site-packages\sklearn\metrics\_ranking.py", line 707, in _multiclass_roc_auc_score
    raise ValueError(
ValueError: Target scores need to be probabilities for multiclass roc_auc, i.e. they should sum up to 1.0 over classes

  warnings.warn(

2026-09-15 19:13:18,485:INFO:Calculating mean and std
2026-09-15 19:13:18,485:INFO:Creating metrics dataframe
2026-09-15 19:13:18,487:INFO:Uploading results into container
2026-09-15 19:13:18,487:INFO:Uploading model into container now
2026-09-15 19:13:18,488:INFO:_master_model_container: 11
2026-09-15 19:13:18,488:INFO:_display_container: 2
2026-09-15 19:13:18,488:INFO:LinearDiscriminantAnalysis(covariance_estimator=None, n_components=None,
                           priors=None, shrinkage=None, solver='svd',
                           store_covariance=False, tol=0.0001)
2026-09-15 19:13:18,488:INFO:create_model() successfully completed......................................
2026-09-15 19:13:18,565:INFO:SubProcess create_model() end ==================================
2026-09-15 19:13:18,565:INFO:Creating metrics dataframe
2026-09-15 19:13:18,569:INFO:Initializing Extra Trees Classifier
2026-09-15 19:13:18,569:INFO:Total runtime is 0.3335349758466085 minutes
2026-09-15 19:13:18,569:INFO:SubProcess create_model() called ==================================
2026-09-15 19:13:18,569:INFO:Initializing create_model()
2026-09-15 19:13:18,569:INFO:create_model(self=<pycaret.classification.oop.ClassificationExperiment object at 0x000001C188036C90>, estimator=et, fold=StratifiedKFold(n_splits=10, random_state=None, shuffle=False), round=4, cross_validation=True, predict=True, fit_kwargs={}, groups=None, refit=False, probability_threshold=None, experiment_custom_tags=None, verbose=False, system=False, add_to_model_list=True, metrics=None, display=<pycaret.internal.display.display.CommonDisplay object at 0x000001C18D324990>, model_only=True, return_train_score=False, error_score=0.0, kwargs={})
2026-09-15 19:13:18,569:INFO:Checking exceptions
2026-09-15 19:13:18,569:INFO:Importing libraries
2026-09-15 19:13:18,570:INFO:Copying training dataset
2026-09-15 19:13:18,572:INFO:Defining folds
2026-09-15 19:13:18,572:INFO:Declaring metric variables
2026-09-15 19:13:18,572:INFO:Importing untrained model
2026-09-15 19:13:18,572:INFO:Extra Trees Classifier Imported successfully
2026-09-15 19:13:18,572:INFO:Starting cross validation
2026-09-15 19:13:18,572:INFO:Cross validating with StratifiedKFold(n_splits=10, random_state=None, shuffle=False), n_jobs=-1
2026-09-15 19:13:19,117:INFO:Calculating mean and std
2026-09-15 19:13:19,118:INFO:Creating metrics dataframe
2026-09-15 19:13:19,120:INFO:Uploading results into container
2026-09-15 19:13:19,121:INFO:Uploading model into container now
2026-09-15 19:13:19,121:INFO:_master_model_container: 12
2026-09-15 19:13:19,121:INFO:_display_container: 2
2026-09-15 19:13:19,121:INFO:ExtraTreesClassifier(bootstrap=False, ccp_alpha=0.0, class_weight=None,
                     criterion='gini', max_depth=None, max_features='sqrt',
                     max_leaf_nodes=None, max_samples=None,
                     min_impurity_decrease=0.0, min_samples_leaf=1,
                     min_samples_split=2, min_weight_fraction_leaf=0.0,
                     monotonic_cst=None, n_estimators=100, n_jobs=-1,
                     oob_score=False, random_state=0, verbose=0,
                     warm_start=False)
2026-09-15 19:13:19,122:INFO:create_model() successfully completed......................................
2026-09-15 19:13:19,199:INFO:SubProcess create_model() end ==================================
2026-09-15 19:13:19,199:INFO:Creating metrics dataframe
2026-09-15 19:13:19,202:INFO:Initializing Light Gradient Boosting Machine
2026-09-15 19:13:19,202:INFO:Total runtime is 0.3440952261288961 minutes
2026-09-15 19:13:19,202:INFO:SubProcess create_model() called ==================================
2026-09-15 19:13:19,202:INFO:Initializing create_model()
2026-09-15 19:13:19,202:INFO:create_model(self=<pycaret.classification.oop.ClassificationExperiment object at 0x000001C188036C90>, estimator=lightgbm, fold=StratifiedKFold(n_splits=10, random_state=None, shuffle=False), round=4, cross_validation=True, predict=True, fit_kwargs={}, groups=None, refit=False, probability_threshold=None, experiment_custom_tags=None, verbose=False, system=False, add_to_model_list=True, metrics=None, display=<pycaret.internal.display.display.CommonDisplay object at 0x000001C18D324990>, model_only=True, return_train_score=False, error_score=0.0, kwargs={})
2026-09-15 19:13:19,202:INFO:Checking exceptions
2026-09-15 19:13:19,202:INFO:Importing libraries
2026-09-15 19:13:19,203:INFO:Copying training dataset
2026-09-15 19:13:19,205:INFO:Defining folds
2026-09-15 19:13:19,206:INFO:Declaring metric variables
2026-09-15 19:13:19,206:INFO:Importing untrained model
2026-09-15 19:13:19,207:INFO:Light Gradient Boosting Machine Imported successfully
2026-09-15 19:13:19,207:INFO:Starting cross validation
2026-09-15 19:13:19,208:INFO:Cross validating with StratifiedKFold(n_splits=10, random_state=None, shuffle=False), n_jobs=-1
2026-09-15 19:13:19,430:WARNING:create_model() for lightgbm raised an exception or returned all 0.0, trying without fit_kwargs:
2026-09-15 19:13:19,435:WARNING:Traceback (most recent call last):
  File "C:\Users\mezzaluna anandita z\AppData\Local\Programs\Python\Python311\Lib\site-packages\pycaret\internal\pycaret_experiment\supervised_experiment.py", line 794, in compare_models
    model, model_fit_time = self._create_model(**create_model_args)
                            ^^^^^^^^^^^^^^^^^^^^^^^^^^^^^^^^^^^^^^^
  File "C:\Users\mezzaluna anandita z\AppData\Local\Programs\Python\Python311\Lib\site-packages\pycaret\internal\pycaret_experiment\supervised_experiment.py", line 1533, in _create_model
    model, model_fit_time, model_results, _ = self._create_model_with_cv(
                                              ^^^^^^^^^^^^^^^^^^^^^^^^^^^
  File "C:\Users\mezzaluna anandita z\AppData\Local\Programs\Python\Python311\Lib\site-packages\pycaret\internal\pycaret_experiment\supervised_experiment.py", line 1126, in _create_model_with_cv
    scores = cross_validate(
             ^^^^^^^^^^^^^^^
  File "C:\Users\mezzaluna anandita z\AppData\Local\Programs\Python\Python311\Lib\site-packages\sklearn\utils\_param_validation.py", line 213, in wrapper
    return func(*args, **kwargs)
           ^^^^^^^^^^^^^^^^^^^^^
  File "C:\Users\mezzaluna anandita z\AppData\Local\Programs\Python\Python311\Lib\site-packages\sklearn\model_selection\_validation.py", line 450, in cross_validate
    _warn_or_raise_about_fit_failures(results, error_score)
  File "C:\Users\mezzaluna anandita z\AppData\Local\Programs\Python\Python311\Lib\site-packages\sklearn\model_selection\_validation.py", line 536, in _warn_or_raise_about_fit_failures
    raise ValueError(all_fits_failed_message)
ValueError: 
All the 10 fits failed.
It is very likely that your model is misconfigured.
You can try to debug the error by setting error_score='raise'.

Below are more details about the failures:
--------------------------------------------------------------------------------
10 fits failed with the following error:
Traceback (most recent call last):
  File "C:\Users\mezzaluna anandita z\AppData\Local\Programs\Python\Python311\Lib\site-packages\sklearn\model_selection\_validation.py", line 895, in _fit_and_score
    estimator.fit(X_train, y_train, **fit_params)
  File "C:\Users\mezzaluna anandita z\AppData\Local\Programs\Python\Python311\Lib\site-packages\pycaret\internal\pipeline.py", line 278, in fit
    fitted_estimator = self._memory_fit(
                       ^^^^^^^^^^^^^^^^^
  File "C:\Users\mezzaluna anandita z\AppData\Local\Programs\Python\Python311\Lib\site-packages\joblib\memory.py", line 353, in __call__
    return self.func(*args, **kwargs)
           ^^^^^^^^^^^^^^^^^^^^^^^^^^
  File "C:\Users\mezzaluna anandita z\AppData\Local\Programs\Python\Python311\Lib\site-packages\pycaret\internal\pipeline.py", line 69, in _fit_one
    transformer.fit(*args)
  File "C:\Users\mezzaluna anandita z\AppData\Local\Programs\Python\Python311\Lib\site-packages\lightgbm\sklearn.py", line 1704, in fit
    super().fit(
  File "C:\Users\mezzaluna anandita z\AppData\Local\Programs\Python\Python311\Lib\site-packages\lightgbm\sklearn.py", line 1171, in fit
    self._Booster = train(
                    ^^^^^^
  File "C:\Users\mezzaluna anandita z\AppData\Local\Programs\Python\Python311\Lib\site-packages\lightgbm\engine.py", line 296, in train
    booster = Booster(params=params, train_set=train_set)
              ^^^^^^^^^^^^^^^^^^^^^^^^^^^^^^^^^^^^^^^^^^^
  File "C:\Users\mezzaluna anandita z\AppData\Local\Programs\Python\Python311\Lib\site-packages\lightgbm\basic.py", line 3758, in __init__
    train_set.construct()
  File "C:\Users\mezzaluna anandita z\AppData\Local\Programs\Python\Python311\Lib\site-packages\lightgbm\basic.py", line 2574, in construct
    self._lazy_init(
  File "C:\Users\mezzaluna anandita z\AppData\Local\Programs\Python\Python311\Lib\site-packages\lightgbm\basic.py", line 2189, in _lazy_init
    self.set_label(label)
  File "C:\Users\mezzaluna anandita z\AppData\Local\Programs\Python\Python311\Lib\site-packages\lightgbm\basic.py", line 3097, in set_label
    self.set_field("label", label_array)
  File "C:\Users\mezzaluna anandita z\AppData\Local\Programs\Python\Python311\Lib\site-packages\lightgbm\basic.py", line 2860, in set_field
    _LIB.LGBM_DatasetSetField(
OSError: exception: access violation reading 0x0000000000000000


2026-09-15 19:13:19,435:INFO:Initializing create_model()
2026-09-15 19:13:19,435:INFO:create_model(self=<pycaret.classification.oop.ClassificationExperiment object at 0x000001C188036C90>, estimator=lightgbm, fold=StratifiedKFold(n_splits=10, random_state=None, shuffle=False), round=4, cross_validation=True, predict=True, fit_kwargs={}, groups=None, refit=False, probability_threshold=None, experiment_custom_tags=None, verbose=False, system=False, add_to_model_list=True, metrics=None, display=<pycaret.internal.display.display.CommonDisplay object at 0x000001C18D324990>, model_only=True, return_train_score=False, error_score=0.0, kwargs={})
2026-09-15 19:13:19,435:INFO:Checking exceptions
2026-09-15 19:13:19,435:INFO:Importing libraries
2026-09-15 19:13:19,435:INFO:Copying training dataset
2026-09-15 19:13:19,440:INFO:Defining folds
2026-09-15 19:13:19,441:INFO:Declaring metric variables
2026-09-15 19:13:19,441:INFO:Importing untrained model
2026-09-15 19:13:19,441:INFO:Light Gradient Boosting Machine Imported successfully
2026-09-15 19:13:19,442:INFO:Starting cross validation
2026-09-15 19:13:19,442:INFO:Cross validating with StratifiedKFold(n_splits=10, random_state=None, shuffle=False), n_jobs=-1
2026-09-15 19:13:19,572:ERROR:create_model() for lightgbm raised an exception or returned all 0.0:
2026-09-15 19:13:19,574:ERROR:Traceback (most recent call last):
  File "C:\Users\mezzaluna anandita z\AppData\Local\Programs\Python\Python311\Lib\site-packages\pycaret\internal\pycaret_experiment\supervised_experiment.py", line 794, in compare_models
    model, model_fit_time = self._create_model(**create_model_args)
                            ^^^^^^^^^^^^^^^^^^^^^^^^^^^^^^^^^^^^^^^
  File "C:\Users\mezzaluna anandita z\AppData\Local\Programs\Python\Python311\Lib\site-packages\pycaret\internal\pycaret_experiment\supervised_experiment.py", line 1533, in _create_model
    model, model_fit_time, model_results, _ = self._create_model_with_cv(
                                              ^^^^^^^^^^^^^^^^^^^^^^^^^^^
  File "C:\Users\mezzaluna anandita z\AppData\Local\Programs\Python\Python311\Lib\site-packages\pycaret\internal\pycaret_experiment\supervised_experiment.py", line 1126, in _create_model_with_cv
    scores = cross_validate(
             ^^^^^^^^^^^^^^^
  File "C:\Users\mezzaluna anandita z\AppData\Local\Programs\Python\Python311\Lib\site-packages\sklearn\utils\_param_validation.py", line 213, in wrapper
    return func(*args, **kwargs)
           ^^^^^^^^^^^^^^^^^^^^^
  File "C:\Users\mezzaluna anandita z\AppData\Local\Programs\Python\Python311\Lib\site-packages\sklearn\model_selection\_validation.py", line 450, in cross_validate
    _warn_or_raise_about_fit_failures(results, error_score)
  File "C:\Users\mezzaluna anandita z\AppData\Local\Programs\Python\Python311\Lib\site-packages\sklearn\model_selection\_validation.py", line 536, in _warn_or_raise_about_fit_failures
    raise ValueError(all_fits_failed_message)
ValueError: 
All the 10 fits failed.
It is very likely that your model is misconfigured.
You can try to debug the error by setting error_score='raise'.

Below are more details about the failures:
--------------------------------------------------------------------------------
10 fits failed with the following error:
Traceback (most recent call last):
  File "C:\Users\mezzaluna anandita z\AppData\Local\Programs\Python\Python311\Lib\site-packages\sklearn\model_selection\_validation.py", line 895, in _fit_and_score
    estimator.fit(X_train, y_train, **fit_params)
  File "C:\Users\mezzaluna anandita z\AppData\Local\Programs\Python\Python311\Lib\site-packages\pycaret\internal\pipeline.py", line 278, in fit
    fitted_estimator = self._memory_fit(
                       ^^^^^^^^^^^^^^^^^
  File "C:\Users\mezzaluna anandita z\AppData\Local\Programs\Python\Python311\Lib\site-packages\joblib\memory.py", line 353, in __call__
    return self.func(*args, **kwargs)
           ^^^^^^^^^^^^^^^^^^^^^^^^^^
  File "C:\Users\mezzaluna anandita z\AppData\Local\Programs\Python\Python311\Lib\site-packages\pycaret\internal\pipeline.py", line 69, in _fit_one
    transformer.fit(*args)
  File "C:\Users\mezzaluna anandita z\AppData\Local\Programs\Python\Python311\Lib\site-packages\lightgbm\sklearn.py", line 1704, in fit
    super().fit(
  File "C:\Users\mezzaluna anandita z\AppData\Local\Programs\Python\Python311\Lib\site-packages\lightgbm\sklearn.py", line 1171, in fit
    self._Booster = train(
                    ^^^^^^
  File "C:\Users\mezzaluna anandita z\AppData\Local\Programs\Python\Python311\Lib\site-packages\lightgbm\engine.py", line 296, in train
    booster = Booster(params=params, train_set=train_set)
              ^^^^^^^^^^^^^^^^^^^^^^^^^^^^^^^^^^^^^^^^^^^
  File "C:\Users\mezzaluna anandita z\AppData\Local\Programs\Python\Python311\Lib\site-packages\lightgbm\basic.py", line 3758, in __init__
    train_set.construct()
  File "C:\Users\mezzaluna anandita z\AppData\Local\Programs\Python\Python311\Lib\site-packages\lightgbm\basic.py", line 2574, in construct
    self._lazy_init(
  File "C:\Users\mezzaluna anandita z\AppData\Local\Programs\Python\Python311\Lib\site-packages\lightgbm\basic.py", line 2189, in _lazy_init
    self.set_label(label)
  File "C:\Users\mezzaluna anandita z\AppData\Local\Programs\Python\Python311\Lib\site-packages\lightgbm\basic.py", line 3097, in set_label
    self.set_field("label", label_array)
  File "C:\Users\mezzaluna anandita z\AppData\Local\Programs\Python\Python311\Lib\site-packages\lightgbm\basic.py", line 2860, in set_field
    _LIB.LGBM_DatasetSetField(
OSError: exception: access violation reading 0x0000000000000000


During handling of the above exception, another exception occurred:

Traceback (most recent call last):
  File "C:\Users\mezzaluna anandita z\AppData\Local\Programs\Python\Python311\Lib\site-packages\pycaret\internal\pycaret_experiment\supervised_experiment.py", line 815, in compare_models
    model, model_fit_time = self._create_model(**create_model_args)
                            ^^^^^^^^^^^^^^^^^^^^^^^^^^^^^^^^^^^^^^^
  File "C:\Users\mezzaluna anandita z\AppData\Local\Programs\Python\Python311\Lib\site-packages\pycaret\internal\pycaret_experiment\supervised_experiment.py", line 1533, in _create_model
    model, model_fit_time, model_results, _ = self._create_model_with_cv(
                                              ^^^^^^^^^^^^^^^^^^^^^^^^^^^
  File "C:\Users\mezzaluna anandita z\AppData\Local\Programs\Python\Python311\Lib\site-packages\pycaret\internal\pycaret_experiment\supervised_experiment.py", line 1126, in _create_model_with_cv
    scores = cross_validate(
             ^^^^^^^^^^^^^^^
  File "C:\Users\mezzaluna anandita z\AppData\Local\Programs\Python\Python311\Lib\site-packages\sklearn\utils\_param_validation.py", line 213, in wrapper
    return func(*args, **kwargs)
           ^^^^^^^^^^^^^^^^^^^^^
  File "C:\Users\mezzaluna anandita z\AppData\Local\Programs\Python\Python311\Lib\site-packages\sklearn\model_selection\_validation.py", line 450, in cross_validate
    _warn_or_raise_about_fit_failures(results, error_score)
  File "C:\Users\mezzaluna anandita z\AppData\Local\Programs\Python\Python311\Lib\site-packages\sklearn\model_selection\_validation.py", line 536, in _warn_or_raise_about_fit_failures
    raise ValueError(all_fits_failed_message)
ValueError: 
All the 10 fits failed.
It is very likely that your model is misconfigured.
You can try to debug the error by setting error_score='raise'.

Below are more details about the failures:
--------------------------------------------------------------------------------
10 fits failed with the following error:
Traceback (most recent call last):
  File "C:\Users\mezzaluna anandita z\AppData\Local\Programs\Python\Python311\Lib\site-packages\sklearn\model_selection\_validation.py", line 895, in _fit_and_score
    estimator.fit(X_train, y_train, **fit_params)
  File "C:\Users\mezzaluna anandita z\AppData\Local\Programs\Python\Python311\Lib\site-packages\pycaret\internal\pipeline.py", line 278, in fit
    fitted_estimator = self._memory_fit(
                       ^^^^^^^^^^^^^^^^^
  File "C:\Users\mezzaluna anandita z\AppData\Local\Programs\Python\Python311\Lib\site-packages\joblib\memory.py", line 353, in __call__
    return self.func(*args, **kwargs)
           ^^^^^^^^^^^^^^^^^^^^^^^^^^
  File "C:\Users\mezzaluna anandita z\AppData\Local\Programs\Python\Python311\Lib\site-packages\pycaret\internal\pipeline.py", line 69, in _fit_one
    transformer.fit(*args)
  File "C:\Users\mezzaluna anandita z\AppData\Local\Programs\Python\Python311\Lib\site-packages\lightgbm\sklearn.py", line 1704, in fit
    super().fit(
  File "C:\Users\mezzaluna anandita z\AppData\Local\Programs\Python\Python311\Lib\site-packages\lightgbm\sklearn.py", line 1171, in fit
    self._Booster = train(
                    ^^^^^^
  File "C:\Users\mezzaluna anandita z\AppData\Local\Programs\Python\Python311\Lib\site-packages\lightgbm\engine.py", line 296, in train
    booster = Booster(params=params, train_set=train_set)
              ^^^^^^^^^^^^^^^^^^^^^^^^^^^^^^^^^^^^^^^^^^^
  File "C:\Users\mezzaluna anandita z\AppData\Local\Programs\Python\Python311\Lib\site-packages\lightgbm\basic.py", line 3758, in __init__
    train_set.construct()
  File "C:\Users\mezzaluna anandita z\AppData\Local\Programs\Python\Python311\Lib\site-packages\lightgbm\basic.py", line 2574, in construct
    self._lazy_init(
  File "C:\Users\mezzaluna anandita z\AppData\Local\Programs\Python\Python311\Lib\site-packages\lightgbm\basic.py", line 2189, in _lazy_init
    self.set_label(label)
  File "C:\Users\mezzaluna anandita z\AppData\Local\Programs\Python\Python311\Lib\site-packages\lightgbm\basic.py", line 3097, in set_label
    self.set_field("label", label_array)
  File "C:\Users\mezzaluna anandita z\AppData\Local\Programs\Python\Python311\Lib\site-packages\lightgbm\basic.py", line 2860, in set_field
    _LIB.LGBM_DatasetSetField(
OSError: exception: access violation reading 0x0000000000000000


2026-09-15 19:13:19,574:INFO:Initializing Dummy Classifier
2026-09-15 19:13:19,574:INFO:Total runtime is 0.3502946416536967 minutes
2026-09-15 19:13:19,575:INFO:SubProcess create_model() called ==================================
2026-09-15 19:13:19,575:INFO:Initializing create_model()
2026-09-15 19:13:19,575:INFO:create_model(self=<pycaret.classification.oop.ClassificationExperiment object at 0x000001C188036C90>, estimator=dummy, fold=StratifiedKFold(n_splits=10, random_state=None, shuffle=False), round=4, cross_validation=True, predict=True, fit_kwargs={}, groups=None, refit=False, probability_threshold=None, experiment_custom_tags=None, verbose=False, system=False, add_to_model_list=True, metrics=None, display=<pycaret.internal.display.display.CommonDisplay object at 0x000001C18D324990>, model_only=True, return_train_score=False, error_score=0.0, kwargs={})
2026-09-15 19:13:19,575:INFO:Checking exceptions
2026-09-15 19:13:19,575:INFO:Importing libraries
2026-09-15 19:13:19,575:INFO:Copying training dataset
2026-09-15 19:13:19,580:INFO:Defining folds
2026-09-15 19:13:19,580:INFO:Declaring metric variables
2026-09-15 19:13:19,580:INFO:Importing untrained model
2026-09-15 19:13:19,581:INFO:Dummy Classifier Imported successfully
2026-09-15 19:13:19,581:INFO:Starting cross validation
2026-09-15 19:13:19,582:INFO:Cross validating with StratifiedKFold(n_splits=10, random_state=None, shuffle=False), n_jobs=-1
2026-09-15 19:13:19,667:WARNING:C:\Users\mezzaluna anandita z\AppData\Local\Programs\Python\Python311\Lib\site-packages\sklearn\metrics\_classification.py:1509: UndefinedMetricWarning: Precision is ill-defined and being set to 0.0 in labels with no predicted samples. Use `zero_division` parameter to control this behavior.
  _warn_prf(average, modifier, f"{metric.capitalize()} is", len(result))

2026-09-15 19:13:19,667:WARNING:C:\Users\mezzaluna anandita z\AppData\Local\Programs\Python\Python311\Lib\site-packages\sklearn\metrics\_classification.py:1509: UndefinedMetricWarning: Precision is ill-defined and being set to 0.0 in labels with no predicted samples. Use `zero_division` parameter to control this behavior.
  _warn_prf(average, modifier, f"{metric.capitalize()} is", len(result))

2026-09-15 19:13:19,670:WARNING:C:\Users\mezzaluna anandita z\AppData\Local\Programs\Python\Python311\Lib\site-packages\sklearn\metrics\_classification.py:1509: UndefinedMetricWarning: Precision is ill-defined and being set to 0.0 in labels with no predicted samples. Use `zero_division` parameter to control this behavior.
  _warn_prf(average, modifier, f"{metric.capitalize()} is", len(result))

2026-09-15 19:13:19,670:WARNING:C:\Users\mezzaluna anandita z\AppData\Local\Programs\Python\Python311\Lib\site-packages\sklearn\metrics\_classification.py:1509: UndefinedMetricWarning: Precision is ill-defined and being set to 0.0 in labels with no predicted samples. Use `zero_division` parameter to control this behavior.
  _warn_prf(average, modifier, f"{metric.capitalize()} is", len(result))

2026-09-15 19:13:19,672:WARNING:C:\Users\mezzaluna anandita z\AppData\Local\Programs\Python\Python311\Lib\site-packages\sklearn\metrics\_classification.py:1509: UndefinedMetricWarning: Precision is ill-defined and being set to 0.0 in labels with no predicted samples. Use `zero_division` parameter to control this behavior.
  _warn_prf(average, modifier, f"{metric.capitalize()} is", len(result))

2026-09-15 19:13:19,672:WARNING:C:\Users\mezzaluna anandita z\AppData\Local\Programs\Python\Python311\Lib\site-packages\sklearn\metrics\_classification.py:1509: UndefinedMetricWarning: Precision is ill-defined and being set to 0.0 in labels with no predicted samples. Use `zero_division` parameter to control this behavior.
  _warn_prf(average, modifier, f"{metric.capitalize()} is", len(result))

2026-09-15 19:13:19,674:WARNING:C:\Users\mezzaluna anandita z\AppData\Local\Programs\Python\Python311\Lib\site-packages\sklearn\metrics\_classification.py:1509: UndefinedMetricWarning: Precision is ill-defined and being set to 0.0 in labels with no predicted samples. Use `zero_division` parameter to control this behavior.
  _warn_prf(average, modifier, f"{metric.capitalize()} is", len(result))

2026-09-15 19:13:19,675:WARNING:C:\Users\mezzaluna anandita z\AppData\Local\Programs\Python\Python311\Lib\site-packages\sklearn\metrics\_classification.py:1509: UndefinedMetricWarning: Precision is ill-defined and being set to 0.0 in labels with no predicted samples. Use `zero_division` parameter to control this behavior.
  _warn_prf(average, modifier, f"{metric.capitalize()} is", len(result))

2026-09-15 19:13:19,677:WARNING:C:\Users\mezzaluna anandita z\AppData\Local\Programs\Python\Python311\Lib\site-packages\sklearn\metrics\_classification.py:1509: UndefinedMetricWarning: Precision is ill-defined and being set to 0.0 in labels with no predicted samples. Use `zero_division` parameter to control this behavior.
  _warn_prf(average, modifier, f"{metric.capitalize()} is", len(result))

2026-09-15 19:13:19,679:WARNING:C:\Users\mezzaluna anandita z\AppData\Local\Programs\Python\Python311\Lib\site-packages\sklearn\metrics\_classification.py:1509: UndefinedMetricWarning: Precision is ill-defined and being set to 0.0 in labels with no predicted samples. Use `zero_division` parameter to control this behavior.
  _warn_prf(average, modifier, f"{metric.capitalize()} is", len(result))

2026-09-15 19:13:19,696:INFO:Calculating mean and std
2026-09-15 19:13:19,697:INFO:Creating metrics dataframe
2026-09-15 19:13:19,699:INFO:Uploading results into container
2026-09-15 19:13:19,699:INFO:Uploading model into container now
2026-09-15 19:13:19,700:INFO:_master_model_container: 13
2026-09-15 19:13:19,700:INFO:_display_container: 2
2026-09-15 19:13:19,700:INFO:DummyClassifier(constant=None, random_state=0, strategy='prior')
2026-09-15 19:13:19,700:INFO:create_model() successfully completed......................................
2026-09-15 19:13:19,780:INFO:SubProcess create_model() end ==================================
2026-09-15 19:13:19,780:INFO:Creating metrics dataframe
2026-09-15 19:13:19,783:WARNING:C:\Users\mezzaluna anandita z\AppData\Local\Programs\Python\Python311\Lib\site-packages\pycaret\internal\pycaret_experiment\supervised_experiment.py:339: FutureWarning: Styler.applymap has been deprecated. Use Styler.map instead.
  .applymap(highlight_cols, subset=["TT (Sec)"])

2026-09-15 19:13:19,785:INFO:Initializing create_model()
2026-09-15 19:13:19,785:INFO:create_model(self=<pycaret.classification.oop.ClassificationExperiment object at 0x000001C188036C90>, estimator=QuadraticDiscriminantAnalysis(priors=None, reg_param=0.0,
                              store_covariance=False, tol=0.0001), fold=StratifiedKFold(n_splits=10, random_state=None, shuffle=False), round=4, cross_validation=False, predict=False, fit_kwargs={}, groups=None, refit=True, probability_threshold=None, experiment_custom_tags=None, verbose=False, system=False, add_to_model_list=True, metrics=None, display=None, model_only=True, return_train_score=False, error_score=0.0, kwargs={})
2026-09-15 19:13:19,785:INFO:Checking exceptions
2026-09-15 19:13:19,787:INFO:Importing libraries
2026-09-15 19:13:19,787:INFO:Copying training dataset
2026-09-15 19:13:19,790:INFO:Defining folds
2026-09-15 19:13:19,791:INFO:Declaring metric variables
2026-09-15 19:13:19,791:INFO:Importing untrained model
2026-09-15 19:13:19,791:INFO:Declaring custom model
2026-09-15 19:13:19,791:INFO:Quadratic Discriminant Analysis Imported successfully
2026-09-15 19:13:19,792:INFO:Cross validation set to False
2026-09-15 19:13:19,792:INFO:Fitting Model
2026-09-15 19:13:19,800:INFO:QuadraticDiscriminantAnalysis(priors=None, reg_param=0.0,
                              store_covariance=False, tol=0.0001)
2026-09-15 19:13:19,800:INFO:create_model() successfully completed......................................
2026-09-15 19:13:19,890:INFO:_master_model_container: 13
2026-09-15 19:13:19,891:INFO:_display_container: 2
2026-09-15 19:13:19,891:INFO:QuadraticDiscriminantAnalysis(priors=None, reg_param=0.0,
                              store_covariance=False, tol=0.0001)
2026-09-15 19:13:19,891:INFO:compare_models() successfully completed......................................
2026-09-15 19:56:22,066:WARNING:
'cuml' is a soft dependency and not included in the pycaret installation. Please run: `pip install cuml` to install.
2026-09-15 19:56:22,068:WARNING:
'cuml' is a soft dependency and not included in the pycaret installation. Please run: `pip install cuml` to install.
2026-09-15 19:56:22,068:WARNING:
'cuml' is a soft dependency and not included in the pycaret installation. Please run: `pip install cuml` to install.
2026-09-15 19:56:22,068:WARNING:
'cuml' is a soft dependency and not included in the pycaret installation. Please run: `pip install cuml` to install.
2026-09-15 19:56:22,855:INFO:PyCaret ClassificationExperiment
2026-09-15 19:56:22,855:INFO:Logging name: clf-default-name
2026-09-15 19:56:22,855:INFO:ML Usecase: MLUsecase.CLASSIFICATION
2026-09-15 19:56:22,855:INFO:version 3.3.2
2026-09-15 19:56:22,856:INFO:Initializing setup()
2026-09-15 19:56:22,856:INFO:self.USI: 003a
2026-09-15 19:56:22,856:INFO:self._variable_keys: {'y', 'fix_imbalance', '_ml_usecase', 'data', 'idx', 'html_param', '_available_plots', 'y_test', 'X_train', 'log_plots_param', 'gpu_n_jobs_param', 'X', 'is_multiclass', 'USI', 'fold_generator', 'n_jobs_param', 'memory', 'y_train', 'target_param', 'gpu_param', 'fold_groups_param', 'seed', 'exp_id', 'X_test', 'exp_name_log', 'fold_shuffle_param', 'logging_param', 'pipeline'}
2026-09-15 19:56:22,856:INFO:Checking environment
2026-09-15 19:56:22,856:INFO:python_version: 3.11.9
2026-09-15 19:56:22,856:INFO:python_build: ('tags/v3.11.9:de54cf5', 'Apr  2 2024 10:12:12')
2026-09-15 19:56:22,856:INFO:machine: AMD64
2026-09-15 19:56:22,876:INFO:platform: Windows-10-10.0.26200-SP0
2026-09-15 19:56:22,876:INFO:Memory: svmem(total=12578578432, available=2417340416, percent=80.8, used=10161238016, free=2417340416)
2026-09-15 19:56:22,877:INFO:Physical Core: 8
2026-09-15 19:56:22,877:INFO:Logical Core: 12
2026-09-15 19:56:22,877:INFO:Checking libraries
2026-09-15 19:56:22,877:INFO:System:
2026-09-15 19:56:22,877:INFO:    python: 3.11.9 (tags/v3.11.9:de54cf5, Apr  2 2024, 10:12:12) [MSC v.1938 64 bit (AMD64)]
2026-09-15 19:56:22,877:INFO:executable: C:\Users\mezzaluna anandita z\AppData\Local\Programs\Python\Python311\python.exe
2026-09-15 19:56:22,877:INFO:   machine: Windows-10-10.0.26200-SP0
2026-09-15 19:56:22,877:INFO:PyCaret required dependencies:
2026-09-15 19:56:22,878:WARNING:C:\Users\mezzaluna anandita z\AppData\Local\Programs\Python\Python311\Lib\site-packages\_distutils_hack\__init__.py:30: UserWarning: Setuptools is replacing distutils. Support for replacing an already imported distutils is deprecated. In the future, this condition will fail. Register concerns at https://github.com/pypa/setuptools/issues/new?template=distutils-deprecation.yml
  warnings.warn(

2026-09-15 19:56:22,896:INFO:                 pip: 26.2.1
2026-09-15 19:56:22,896:INFO:          setuptools: 84.0.0
2026-09-15 19:56:22,896:INFO:             pycaret: 3.3.2
2026-09-15 19:56:22,896:INFO:             IPython: 9.17.1
2026-09-15 19:56:22,896:INFO:          ipywidgets: 8.1.9
2026-09-15 19:56:22,896:INFO:                tqdm: 4.70.1
2026-09-15 19:56:22,896:INFO:               numpy: 1.26.4
2026-09-15 19:56:22,896:INFO:              pandas: 2.1.4
2026-09-15 19:56:22,896:INFO:              jinja2: 3.1.6
2026-09-15 19:56:22,896:INFO:               scipy: 1.11.4
2026-09-15 19:56:22,896:INFO:              joblib: 1.3.2
2026-09-15 19:56:22,896:INFO:             sklearn: 1.4.2
2026-09-15 19:56:22,896:INFO:                pyod: 3.4.0
2026-09-15 19:56:22,896:INFO:            imblearn: 0.14.2
2026-09-15 19:56:22,896:INFO:   category_encoders: 2.7.0
2026-09-15 19:56:22,896:INFO:            lightgbm: 4.7.0
2026-09-15 19:56:22,896:INFO:               numba: 0.67.0
2026-09-15 19:56:22,896:INFO:            requests: 2.34.2
2026-09-15 19:56:22,897:INFO:          matplotlib: 3.7.5
2026-09-15 19:56:22,897:INFO:          scikitplot: 0.3.7
2026-09-15 19:56:22,897:INFO:         yellowbrick: 1.5
2026-09-15 19:56:22,897:INFO:              plotly: 6.9.0
2026-09-15 19:56:22,897:INFO:    plotly-resampler: Not installed
2026-09-15 19:56:22,897:INFO:             kaleido: 1.4.0
2026-09-15 19:56:22,897:INFO:           schemdraw: 0.15
2026-09-15 19:56:22,897:INFO:         statsmodels: 0.15.0
2026-09-15 19:56:22,897:INFO:              sktime: 0.26.0
2026-09-15 19:56:22,897:INFO:               tbats: 1.1.3
2026-09-15 19:56:22,897:INFO:            pmdarima: 2.0.4
2026-09-15 19:56:22,897:INFO:              psutil: 7.2.2
2026-09-15 19:56:22,897:INFO:          markupsafe: 3.0.3
2026-09-15 19:56:22,897:INFO:             pickle5: Not installed
2026-09-15 19:56:22,897:INFO:         cloudpickle: 3.1.2
2026-09-15 19:56:22,897:INFO:         deprecation: 2.1.0
2026-09-15 19:56:22,897:INFO:              xxhash: 4.0.1
2026-09-15 19:56:22,897:INFO:           wurlitzer: Not installed
2026-09-15 19:56:22,897:INFO:PyCaret optional dependencies:
2026-09-15 19:56:22,904:INFO:                shap: Not installed
2026-09-15 19:56:22,904:INFO:           interpret: Not installed
2026-09-15 19:56:22,904:INFO:                umap: Not installed
2026-09-15 19:56:22,904:INFO:     ydata_profiling: Not installed
2026-09-15 19:56:22,904:INFO:  explainerdashboard: Not installed
2026-09-15 19:56:22,904:INFO:             autoviz: Not installed
2026-09-15 19:56:22,904:INFO:           fairlearn: Not installed
2026-09-15 19:56:22,904:INFO:          deepchecks: Not installed
2026-09-15 19:56:22,904:INFO:             xgboost: Not installed
2026-09-15 19:56:22,904:INFO:            catboost: Not installed
2026-09-15 19:56:22,904:INFO:              kmodes: Not installed
2026-09-15 19:56:22,904:INFO:             mlxtend: Not installed
2026-09-15 19:56:22,904:INFO:       statsforecast: Not installed
2026-09-15 19:56:22,904:INFO:        tune_sklearn: Not installed
2026-09-15 19:56:22,904:INFO:                 ray: Not installed
2026-09-15 19:56:22,904:INFO:            hyperopt: Not installed
2026-09-15 19:56:22,904:INFO:              optuna: Not installed
2026-09-15 19:56:22,904:INFO:               skopt: Not installed
2026-09-15 19:56:22,904:INFO:              mlflow: Not installed
2026-09-15 19:56:22,904:INFO:              gradio: Not installed
2026-09-15 19:56:22,904:INFO:             fastapi: Not installed
2026-09-15 19:56:22,904:INFO:             uvicorn: Not installed
2026-09-15 19:56:22,904:INFO:              m2cgen: Not installed
2026-09-15 19:56:22,904:INFO:           evidently: Not installed
2026-09-15 19:56:22,904:INFO:               fugue: Not installed
2026-09-15 19:56:22,904:INFO:           streamlit: Not installed
2026-09-15 19:56:22,904:INFO:             prophet: Not installed
2026-09-15 19:56:22,904:INFO:None
2026-09-15 19:56:22,904:INFO:Set up data.
2026-09-15 19:56:22,909:INFO:Set up folding strategy.
2026-09-15 19:56:22,909:INFO:Set up train/test split.
2026-09-15 19:56:22,914:INFO:Set up index.
2026-09-15 19:56:22,914:INFO:Assigning column types.
2026-09-15 19:56:22,918:INFO:Engine successfully changes for model 'lr' to 'sklearn'.
2026-09-15 19:56:22,947:INFO:Engine for model 'knn' has not been set explicitly, hence returning None.
2026-09-15 19:56:22,949:INFO:Engine for model 'rbfsvm' has not been set explicitly, hence returning None.
2026-09-15 19:56:22,969:WARNING:
'xgboost' is a soft dependency and not included in the pycaret installation. Please run: `pip install xgboost` to install.
Alternately, you can install this by running `pip install pycaret[models]`
2026-09-15 19:56:22,970:WARNING:
'catboost' is a soft dependency and not included in the pycaret installation. Please run: `pip install catboost` to install.
Alternately, you can install this by running `pip install pycaret[models]`
2026-09-15 19:56:23,002:INFO:Engine for model 'knn' has not been set explicitly, hence returning None.
2026-09-15 19:56:23,003:INFO:Engine for model 'rbfsvm' has not been set explicitly, hence returning None.
2026-09-15 19:56:23,019:WARNING:
'xgboost' is a soft dependency and not included in the pycaret installation. Please run: `pip install xgboost` to install.
Alternately, you can install this by running `pip install pycaret[models]`
2026-09-15 19:56:23,019:WARNING:
'catboost' is a soft dependency and not included in the pycaret installation. Please run: `pip install catboost` to install.
Alternately, you can install this by running `pip install pycaret[models]`
2026-09-15 19:56:23,019:INFO:Engine successfully changes for model 'knn' to 'sklearn'.
2026-09-15 19:56:23,044:INFO:Engine for model 'rbfsvm' has not been set explicitly, hence returning None.
2026-09-15 19:56:23,059:WARNING:
'xgboost' is a soft dependency and not included in the pycaret installation. Please run: `pip install xgboost` to install.
Alternately, you can install this by running `pip install pycaret[models]`
2026-09-15 19:56:23,060:WARNING:
'catboost' is a soft dependency and not included in the pycaret installation. Please run: `pip install catboost` to install.
Alternately, you can install this by running `pip install pycaret[models]`
2026-09-15 19:56:23,086:INFO:Engine for model 'rbfsvm' has not been set explicitly, hence returning None.
2026-09-15 19:56:23,102:WARNING:
'xgboost' is a soft dependency and not included in the pycaret installation. Please run: `pip install xgboost` to install.
Alternately, you can install this by running `pip install pycaret[models]`
2026-09-15 19:56:23,102:WARNING:
'catboost' is a soft dependency and not included in the pycaret installation. Please run: `pip install catboost` to install.
Alternately, you can install this by running `pip install pycaret[models]`
2026-09-15 19:56:23,102:INFO:Engine successfully changes for model 'rbfsvm' to 'sklearn'.
2026-09-15 19:56:23,142:WARNING:
'xgboost' is a soft dependency and not included in the pycaret installation. Please run: `pip install xgboost` to install.
Alternately, you can install this by running `pip install pycaret[models]`
2026-09-15 19:56:23,142:WARNING:
'catboost' is a soft dependency and not included in the pycaret installation. Please run: `pip install catboost` to install.
Alternately, you can install this by running `pip install pycaret[models]`
2026-09-15 19:56:23,184:WARNING:
'xgboost' is a soft dependency and not included in the pycaret installation. Please run: `pip install xgboost` to install.
Alternately, you can install this by running `pip install pycaret[models]`
2026-09-15 19:56:23,184:WARNING:
'catboost' is a soft dependency and not included in the pycaret installation. Please run: `pip install catboost` to install.
Alternately, you can install this by running `pip install pycaret[models]`
2026-09-15 19:56:23,186:INFO:Preparing preprocessing pipeline...
2026-09-15 19:56:23,188:INFO:Set up simple imputation.
2026-09-15 19:56:23,189:INFO:Set up column name cleaning.
2026-09-15 19:56:23,211:INFO:Finished creating preprocessing pipeline.
2026-09-15 19:56:23,214:INFO:Pipeline: Pipeline(memory=FastMemory(location=C:\Users\MEZZAL~1\AppData\Local\Temp\joblib),
         steps=[('numerical_imputer',
                 TransformerWrapper(exclude=None,
                                    include=['mean radius', 'mean texture',
                                             'mean perimeter', 'mean area',
                                             'mean smoothness',
                                             'mean compactness',
                                             'mean concavity',
                                             'mean concave points',
                                             'mean symmetry',
                                             'mean fractal dimension',
                                             'radius error', 'texture error',
                                             'perimet...
                ('categorical_imputer',
                 TransformerWrapper(exclude=None, include=[],
                                    transformer=SimpleImputer(add_indicator=False,
                                                              copy=True,
                                                              fill_value=None,
                                                              keep_empty_features=False,
                                                              missing_values=nan,
                                                              strategy='most_frequent'))),
                ('clean_column_names',
                 TransformerWrapper(exclude=None, include=None,
                                    transformer=CleanColumnNames(match='[\\]\\[\\,\\{\\}\\"\\:]+')))],
         verbose=False)
2026-09-15 19:56:23,214:INFO:Creating final display dataframe.
2026-09-15 19:56:23,289:INFO:Setup _display_container:                     Description             Value
0                    Session id                 0
1                        Target            Target
2                   Target type            Binary
3           Original data shape         (569, 31)
4        Transformed data shape         (569, 31)
5   Transformed train set shape         (398, 31)
6    Transformed test set shape         (171, 31)
7              Numeric features                30
8                    Preprocess              True
9               Imputation type            simple
10           Numeric imputation              mean
11       Categorical imputation              mode
12               Fold Generator   StratifiedKFold
13                  Fold Number                10
14                     CPU Jobs                -1
15                      Use GPU             False
16               Log Experiment             False
17              Experiment Name  clf-default-name
18                          USI              003a
2026-09-15 19:56:23,334:WARNING:
'xgboost' is a soft dependency and not included in the pycaret installation. Please run: `pip install xgboost` to install.
Alternately, you can install this by running `pip install pycaret[models]`
2026-09-15 19:56:23,334:WARNING:
'catboost' is a soft dependency and not included in the pycaret installation. Please run: `pip install catboost` to install.
Alternately, you can install this by running `pip install pycaret[models]`
2026-09-15 19:56:23,376:WARNING:
'xgboost' is a soft dependency and not included in the pycaret installation. Please run: `pip install xgboost` to install.
Alternately, you can install this by running `pip install pycaret[models]`
2026-09-15 19:56:23,376:WARNING:
'catboost' is a soft dependency and not included in the pycaret installation. Please run: `pip install catboost` to install.
Alternately, you can install this by running `pip install pycaret[models]`
2026-09-15 19:56:23,377:INFO:setup() successfully completed in 0.53s...............
2026-09-15 19:56:23,378:INFO:Initializing compare_models()
2026-09-15 19:56:23,378:INFO:compare_models(self=<pycaret.classification.oop.ClassificationExperiment object at 0x000001D978E3DA50>, include=None, exclude=None, fold=None, round=4, cross_validation=True, sort=Accuracy, n_select=1, budget_time=None, turbo=True, errors=ignore, fit_kwargs=None, groups=None, experiment_custom_tags=None, probability_threshold=None, verbose=True, parallel=None, caller_params={'self': <pycaret.classification.oop.ClassificationExperiment object at 0x000001D978E3DA50>, 'include': None, 'exclude': None, 'fold': None, 'round': 4, 'cross_validation': True, 'sort': 'Accuracy', 'n_select': 1, 'budget_time': None, 'turbo': True, 'errors': 'ignore', 'fit_kwargs': None, 'groups': None, 'experiment_custom_tags': None, 'probability_threshold': None, 'engine': None, 'verbose': True, 'parallel': None, '__class__': <class 'pycaret.classification.oop.ClassificationExperiment'>})
2026-09-15 19:56:23,378:INFO:Checking exceptions
2026-09-15 19:56:23,383:INFO:Preparing display monitor
2026-09-15 19:56:23,386:INFO:Initializing Logistic Regression
2026-09-15 19:56:23,386:INFO:Total runtime is 0.0 minutes
2026-09-15 19:56:23,386:INFO:SubProcess create_model() called ==================================
2026-09-15 19:56:23,386:INFO:Initializing create_model()
2026-09-15 19:56:23,386:INFO:create_model(self=<pycaret.classification.oop.ClassificationExperiment object at 0x000001D978E3DA50>, estimator=lr, fold=StratifiedKFold(n_splits=10, random_state=None, shuffle=False), round=4, cross_validation=True, predict=True, fit_kwargs={}, groups=None, refit=False, probability_threshold=None, experiment_custom_tags=None, verbose=False, system=False, add_to_model_list=True, metrics=None, display=<pycaret.internal.display.display.CommonDisplay object at 0x000001D97CDEED50>, model_only=True, return_train_score=False, error_score=0.0, kwargs={})
2026-09-15 19:56:23,386:INFO:Checking exceptions
2026-09-15 19:56:23,386:INFO:Importing libraries
2026-09-15 19:56:23,387:INFO:Copying training dataset
2026-09-15 19:56:23,389:INFO:Defining folds
2026-09-15 19:56:23,389:INFO:Declaring metric variables
2026-09-15 19:56:23,390:INFO:Importing untrained model
2026-09-15 19:56:23,390:INFO:Logistic Regression Imported successfully
2026-09-15 19:56:23,390:INFO:Starting cross validation
2026-09-15 19:56:23,390:INFO:Cross validating with StratifiedKFold(n_splits=10, random_state=None, shuffle=False), n_jobs=-1
2026-09-15 19:56:26,676:WARNING:C:\Users\mezzaluna anandita z\AppData\Local\Programs\Python\Python311\Lib\site-packages\_distutils_hack\__init__.py:30: UserWarning: Setuptools is replacing distutils. Support for replacing an already imported distutils is deprecated. In the future, this condition will fail. Register concerns at https://github.com/pypa/setuptools/issues/new?template=distutils-deprecation.yml
  warnings.warn(

2026-09-15 19:56:26,721:WARNING:C:\Users\mezzaluna anandita z\AppData\Local\Programs\Python\Python311\Lib\site-packages\_distutils_hack\__init__.py:30: UserWarning: Setuptools is replacing distutils. Support for replacing an already imported distutils is deprecated. In the future, this condition will fail. Register concerns at https://github.com/pypa/setuptools/issues/new?template=distutils-deprecation.yml
  warnings.warn(

2026-09-15 19:56:26,737:WARNING:C:\Users\mezzaluna anandita z\AppData\Local\Programs\Python\Python311\Lib\site-packages\_distutils_hack\__init__.py:30: UserWarning: Setuptools is replacing distutils. Support for replacing an already imported distutils is deprecated. In the future, this condition will fail. Register concerns at https://github.com/pypa/setuptools/issues/new?template=distutils-deprecation.yml
  warnings.warn(

2026-09-15 19:56:26,742:WARNING:C:\Users\mezzaluna anandita z\AppData\Local\Programs\Python\Python311\Lib\site-packages\_distutils_hack\__init__.py:30: UserWarning: Setuptools is replacing distutils. Support for replacing an already imported distutils is deprecated. In the future, this condition will fail. Register concerns at https://github.com/pypa/setuptools/issues/new?template=distutils-deprecation.yml
  warnings.warn(

2026-09-15 19:56:26,767:WARNING:C:\Users\mezzaluna anandita z\AppData\Local\Programs\Python\Python311\Lib\site-packages\_distutils_hack\__init__.py:30: UserWarning: Setuptools is replacing distutils. Support for replacing an already imported distutils is deprecated. In the future, this condition will fail. Register concerns at https://github.com/pypa/setuptools/issues/new?template=distutils-deprecation.yml
  warnings.warn(

2026-09-15 19:56:26,775:WARNING:C:\Users\mezzaluna anandita z\AppData\Local\Programs\Python\Python311\Lib\site-packages\_distutils_hack\__init__.py:30: UserWarning: Setuptools is replacing distutils. Support for replacing an already imported distutils is deprecated. In the future, this condition will fail. Register concerns at https://github.com/pypa/setuptools/issues/new?template=distutils-deprecation.yml
  warnings.warn(

2026-09-15 19:56:26,817:WARNING:C:\Users\mezzaluna anandita z\AppData\Local\Programs\Python\Python311\Lib\site-packages\_distutils_hack\__init__.py:30: UserWarning: Setuptools is replacing distutils. Support for replacing an already imported distutils is deprecated. In the future, this condition will fail. Register concerns at https://github.com/pypa/setuptools/issues/new?template=distutils-deprecation.yml
  warnings.warn(

2026-09-15 19:56:26,861:WARNING:C:\Users\mezzaluna anandita z\AppData\Local\Programs\Python\Python311\Lib\site-packages\_distutils_hack\__init__.py:30: UserWarning: Setuptools is replacing distutils. Support for replacing an already imported distutils is deprecated. In the future, this condition will fail. Register concerns at https://github.com/pypa/setuptools/issues/new?template=distutils-deprecation.yml
  warnings.warn(

2026-09-15 19:56:26,913:WARNING:C:\Users\mezzaluna anandita z\AppData\Local\Programs\Python\Python311\Lib\site-packages\_distutils_hack\__init__.py:30: UserWarning: Setuptools is replacing distutils. Support for replacing an already imported distutils is deprecated. In the future, this condition will fail. Register concerns at https://github.com/pypa/setuptools/issues/new?template=distutils-deprecation.yml
  warnings.warn(

2026-09-15 19:56:26,954:WARNING:C:\Users\mezzaluna anandita z\AppData\Local\Programs\Python\Python311\Lib\site-packages\_distutils_hack\__init__.py:30: UserWarning: Setuptools is replacing distutils. Support for replacing an already imported distutils is deprecated. In the future, this condition will fail. Register concerns at https://github.com/pypa/setuptools/issues/new?template=distutils-deprecation.yml
  warnings.warn(

2026-09-15 19:56:27,387:WARNING:C:\Users\mezzaluna anandita z\AppData\Local\Programs\Python\Python311\Lib\site-packages\sklearn\linear_model\_logistic.py:469: ConvergenceWarning: lbfgs failed to converge (status=1):
STOP: TOTAL NO. of ITERATIONS REACHED LIMIT.

Increase the number of iterations (max_iter) or scale the data as shown in:
    https://scikit-learn.org/stable/modules/preprocessing.html
Please also refer to the documentation for alternative solver options:
    https://scikit-learn.org/stable/modules/linear_model.html#logistic-regression
  n_iter_i = _check_optimize_result(

2026-09-15 19:56:27,440:WARNING:C:\Users\mezzaluna anandita z\AppData\Local\Programs\Python\Python311\Lib\site-packages\sklearn\linear_model\_logistic.py:469: ConvergenceWarning: lbfgs failed to converge (status=1):
STOP: TOTAL NO. of ITERATIONS REACHED LIMIT.

Increase the number of iterations (max_iter) or scale the data as shown in:
    https://scikit-learn.org/stable/modules/preprocessing.html
Please also refer to the documentation for alternative solver options:
    https://scikit-learn.org/stable/modules/linear_model.html#logistic-regression
  n_iter_i = _check_optimize_result(

2026-09-15 19:56:27,484:WARNING:C:\Users\mezzaluna anandita z\AppData\Local\Programs\Python\Python311\Lib\site-packages\sklearn\linear_model\_logistic.py:469: ConvergenceWarning: lbfgs failed to converge (status=1):
STOP: TOTAL NO. of ITERATIONS REACHED LIMIT.

Increase the number of iterations (max_iter) or scale the data as shown in:
    https://scikit-learn.org/stable/modules/preprocessing.html
Please also refer to the documentation for alternative solver options:
    https://scikit-learn.org/stable/modules/linear_model.html#logistic-regression
  n_iter_i = _check_optimize_result(

2026-09-15 19:56:27,487:WARNING:C:\Users\mezzaluna anandita z\AppData\Local\Programs\Python\Python311\Lib\site-packages\sklearn\linear_model\_logistic.py:469: ConvergenceWarning: lbfgs failed to converge (status=1):
STOP: TOTAL NO. of ITERATIONS REACHED LIMIT.

Increase the number of iterations (max_iter) or scale the data as shown in:
    https://scikit-learn.org/stable/modules/preprocessing.html
Please also refer to the documentation for alternative solver options:
    https://scikit-learn.org/stable/modules/linear_model.html#logistic-regression
  n_iter_i = _check_optimize_result(

2026-09-15 19:56:27,496:WARNING:C:\Users\mezzaluna anandita z\AppData\Local\Programs\Python\Python311\Lib\site-packages\sklearn\linear_model\_logistic.py:469: ConvergenceWarning: lbfgs failed to converge (status=1):
STOP: TOTAL NO. of ITERATIONS REACHED LIMIT.

Increase the number of iterations (max_iter) or scale the data as shown in:
    https://scikit-learn.org/stable/modules/preprocessing.html
Please also refer to the documentation for alternative solver options:
    https://scikit-learn.org/stable/modules/linear_model.html#logistic-regression
  n_iter_i = _check_optimize_result(

2026-09-15 19:56:27,518:WARNING:C:\Users\mezzaluna anandita z\AppData\Local\Programs\Python\Python311\Lib\site-packages\sklearn\linear_model\_logistic.py:469: ConvergenceWarning: lbfgs failed to converge (status=1):
STOP: TOTAL NO. of ITERATIONS REACHED LIMIT.

Increase the number of iterations (max_iter) or scale the data as shown in:
    https://scikit-learn.org/stable/modules/preprocessing.html
Please also refer to the documentation for alternative solver options:
    https://scikit-learn.org/stable/modules/linear_model.html#logistic-regression
  n_iter_i = _check_optimize_result(

2026-09-15 19:56:27,534:WARNING:C:\Users\mezzaluna anandita z\AppData\Local\Programs\Python\Python311\Lib\site-packages\sklearn\linear_model\_logistic.py:469: ConvergenceWarning: lbfgs failed to converge (status=1):
STOP: TOTAL NO. of ITERATIONS REACHED LIMIT.

Increase the number of iterations (max_iter) or scale the data as shown in:
    https://scikit-learn.org/stable/modules/preprocessing.html
Please also refer to the documentation for alternative solver options:
    https://scikit-learn.org/stable/modules/linear_model.html#logistic-regression
  n_iter_i = _check_optimize_result(

2026-09-15 19:56:27,575:WARNING:C:\Users\mezzaluna anandita z\AppData\Local\Programs\Python\Python311\Lib\site-packages\sklearn\linear_model\_logistic.py:469: ConvergenceWarning: lbfgs failed to converge (status=1):
STOP: TOTAL NO. of ITERATIONS REACHED LIMIT.

Increase the number of iterations (max_iter) or scale the data as shown in:
    https://scikit-learn.org/stable/modules/preprocessing.html
Please also refer to the documentation for alternative solver options:
    https://scikit-learn.org/stable/modules/linear_model.html#logistic-regression
  n_iter_i = _check_optimize_result(

2026-09-15 19:56:27,590:WARNING:C:\Users\mezzaluna anandita z\AppData\Local\Programs\Python\Python311\Lib\site-packages\sklearn\linear_model\_logistic.py:469: ConvergenceWarning: lbfgs failed to converge (status=1):
STOP: TOTAL NO. of ITERATIONS REACHED LIMIT.

Increase the number of iterations (max_iter) or scale the data as shown in:
    https://scikit-learn.org/stable/modules/preprocessing.html
Please also refer to the documentation for alternative solver options:
    https://scikit-learn.org/stable/modules/linear_model.html#logistic-regression
  n_iter_i = _check_optimize_result(

2026-09-15 19:56:27,658:WARNING:C:\Users\mezzaluna anandita z\AppData\Local\Programs\Python\Python311\Lib\site-packages\sklearn\linear_model\_logistic.py:469: ConvergenceWarning: lbfgs failed to converge (status=1):
STOP: TOTAL NO. of ITERATIONS REACHED LIMIT.

Increase the number of iterations (max_iter) or scale the data as shown in:
    https://scikit-learn.org/stable/modules/preprocessing.html
Please also refer to the documentation for alternative solver options:
    https://scikit-learn.org/stable/modules/linear_model.html#logistic-regression
  n_iter_i = _check_optimize_result(

2026-09-15 19:56:27,700:INFO:Calculating mean and std
2026-09-15 19:56:27,702:INFO:Creating metrics dataframe
2026-09-15 19:56:27,706:INFO:Uploading results into container
2026-09-15 19:56:27,706:INFO:Uploading model into container now
2026-09-15 19:56:27,707:INFO:_master_model_container: 1
2026-09-15 19:56:27,707:INFO:_display_container: 2
2026-09-15 19:56:27,708:INFO:LogisticRegression(C=1.0, class_weight=None, dual=False, fit_intercept=True,
                   intercept_scaling=1, l1_ratio=None, max_iter=1000,
                   multi_class='auto', n_jobs=None, penalty='l2',
                   random_state=0, solver='lbfgs', tol=0.0001, verbose=0,
                   warm_start=False)
2026-09-15 19:56:27,708:INFO:create_model() successfully completed......................................
2026-09-15 19:56:27,806:INFO:SubProcess create_model() end ==================================
2026-09-15 19:56:27,807:INFO:Creating metrics dataframe
2026-09-15 19:56:27,846:INFO:Initializing K Neighbors Classifier
2026-09-15 19:56:27,846:INFO:Total runtime is 0.07433354457219442 minutes
2026-09-15 19:56:27,846:INFO:SubProcess create_model() called ==================================
2026-09-15 19:56:27,846:INFO:Initializing create_model()
2026-09-15 19:56:27,847:INFO:create_model(self=<pycaret.classification.oop.ClassificationExperiment object at 0x000001D978E3DA50>, estimator=knn, fold=StratifiedKFold(n_splits=10, random_state=None, shuffle=False), round=4, cross_validation=True, predict=True, fit_kwargs={}, groups=None, refit=False, probability_threshold=None, experiment_custom_tags=None, verbose=False, system=False, add_to_model_list=True, metrics=None, display=<pycaret.internal.display.display.CommonDisplay object at 0x000001D97CDEED50>, model_only=True, return_train_score=False, error_score=0.0, kwargs={})
2026-09-15 19:56:27,847:INFO:Checking exceptions
2026-09-15 19:56:27,847:INFO:Importing libraries
2026-09-15 19:56:27,847:INFO:Copying training dataset
2026-09-15 19:56:27,853:INFO:Defining folds
2026-09-15 19:56:27,853:INFO:Declaring metric variables
2026-09-15 19:56:27,853:INFO:Importing untrained model
2026-09-15 19:56:27,854:INFO:K Neighbors Classifier Imported successfully
2026-09-15 19:56:27,854:INFO:Starting cross validation
2026-09-15 19:56:27,855:INFO:Cross validating with StratifiedKFold(n_splits=10, random_state=None, shuffle=False), n_jobs=-1
2026-09-15 19:56:29,402:WARNING:C:\Users\mezzaluna anandita z\AppData\Local\Programs\Python\Python311\Lib\site-packages\_distutils_hack\__init__.py:30: UserWarning: Setuptools is replacing distutils. Support for replacing an already imported distutils is deprecated. In the future, this condition will fail. Register concerns at https://github.com/pypa/setuptools/issues/new?template=distutils-deprecation.yml
  warnings.warn(

2026-09-15 19:56:29,689:INFO:Calculating mean and std
2026-09-15 19:56:29,690:INFO:Creating metrics dataframe
2026-09-15 19:56:29,692:INFO:Uploading results into container
2026-09-15 19:56:29,693:INFO:Uploading model into container now
2026-09-15 19:56:29,693:INFO:_master_model_container: 2
2026-09-15 19:56:29,693:INFO:_display_container: 2
2026-09-15 19:56:29,694:INFO:KNeighborsClassifier(algorithm='auto', leaf_size=30, metric='minkowski',
                     metric_params=None, n_jobs=-1, n_neighbors=5, p=2,
                     weights='uniform')
2026-09-15 19:56:29,694:INFO:create_model() successfully completed......................................
2026-09-15 19:56:29,765:INFO:SubProcess create_model() end ==================================
2026-09-15 19:56:29,766:INFO:Creating metrics dataframe
2026-09-15 19:56:29,768:INFO:Initializing Naive Bayes
2026-09-15 19:56:29,768:INFO:Total runtime is 0.10637387434641521 minutes
2026-09-15 19:56:29,768:INFO:SubProcess create_model() called ==================================
2026-09-15 19:56:29,768:INFO:Initializing create_model()
2026-09-15 19:56:29,768:INFO:create_model(self=<pycaret.classification.oop.ClassificationExperiment object at 0x000001D978E3DA50>, estimator=nb, fold=StratifiedKFold(n_splits=10, random_state=None, shuffle=False), round=4, cross_validation=True, predict=True, fit_kwargs={}, groups=None, refit=False, probability_threshold=None, experiment_custom_tags=None, verbose=False, system=False, add_to_model_list=True, metrics=None, display=<pycaret.internal.display.display.CommonDisplay object at 0x000001D97CDEED50>, model_only=True, return_train_score=False, error_score=0.0, kwargs={})
2026-09-15 19:56:29,768:INFO:Checking exceptions
2026-09-15 19:56:29,768:INFO:Importing libraries
2026-09-15 19:56:29,768:INFO:Copying training dataset
2026-09-15 19:56:29,773:INFO:Defining folds
2026-09-15 19:56:29,773:INFO:Declaring metric variables
2026-09-15 19:56:29,773:INFO:Importing untrained model
2026-09-15 19:56:29,773:INFO:Naive Bayes Imported successfully
2026-09-15 19:56:29,773:INFO:Starting cross validation
2026-09-15 19:56:29,774:INFO:Cross validating with StratifiedKFold(n_splits=10, random_state=None, shuffle=False), n_jobs=-1
2026-09-15 19:56:29,832:INFO:Calculating mean and std
2026-09-15 19:56:29,832:INFO:Creating metrics dataframe
2026-09-15 19:56:29,833:INFO:Uploading results into container
2026-09-15 19:56:29,834:INFO:Uploading model into container now
2026-09-15 19:56:29,834:INFO:_master_model_container: 3
2026-09-15 19:56:29,834:INFO:_display_container: 2
2026-09-15 19:56:29,834:INFO:GaussianNB(priors=None, var_smoothing=1e-09)
2026-09-15 19:56:29,834:INFO:create_model() successfully completed......................................
2026-09-15 19:56:29,884:INFO:SubProcess create_model() end ==================================
2026-09-15 19:56:29,884:INFO:Creating metrics dataframe
2026-09-15 19:56:29,885:INFO:Initializing Decision Tree Classifier
2026-09-15 19:56:29,886:INFO:Total runtime is 0.10834578275680543 minutes
2026-09-15 19:56:29,886:INFO:SubProcess create_model() called ==================================
2026-09-15 19:56:29,886:INFO:Initializing create_model()
2026-09-15 19:56:29,886:INFO:create_model(self=<pycaret.classification.oop.ClassificationExperiment object at 0x000001D978E3DA50>, estimator=dt, fold=StratifiedKFold(n_splits=10, random_state=None, shuffle=False), round=4, cross_validation=True, predict=True, fit_kwargs={}, groups=None, refit=False, probability_threshold=None, experiment_custom_tags=None, verbose=False, system=False, add_to_model_list=True, metrics=None, display=<pycaret.internal.display.display.CommonDisplay object at 0x000001D97CDEED50>, model_only=True, return_train_score=False, error_score=0.0, kwargs={})
2026-09-15 19:56:29,886:INFO:Checking exceptions
2026-09-15 19:56:29,886:INFO:Importing libraries
2026-09-15 19:56:29,886:INFO:Copying training dataset
2026-09-15 19:56:29,888:INFO:Defining folds
2026-09-15 19:56:29,888:INFO:Declaring metric variables
2026-09-15 19:56:29,888:INFO:Importing untrained model
2026-09-15 19:56:29,888:INFO:Decision Tree Classifier Imported successfully
2026-09-15 19:56:29,888:INFO:Starting cross validation
2026-09-15 19:56:29,890:INFO:Cross validating with StratifiedKFold(n_splits=10, random_state=None, shuffle=False), n_jobs=-1
2026-09-15 19:56:29,948:INFO:Calculating mean and std
2026-09-15 19:56:29,949:INFO:Creating metrics dataframe
2026-09-15 19:56:29,950:INFO:Uploading results into container
2026-09-15 19:56:29,950:INFO:Uploading model into container now
2026-09-15 19:56:29,950:INFO:_master_model_container: 4
2026-09-15 19:56:29,950:INFO:_display_container: 2
2026-09-15 19:56:29,950:INFO:DecisionTreeClassifier(ccp_alpha=0.0, class_weight=None, criterion='gini',
                       max_depth=None, max_features=None, max_leaf_nodes=None,
                       min_impurity_decrease=0.0, min_samples_leaf=1,
                       min_samples_split=2, min_weight_fraction_leaf=0.0,
                       monotonic_cst=None, random_state=0, splitter='best')
2026-09-15 19:56:29,950:INFO:create_model() successfully completed......................................
2026-09-15 19:56:30,000:INFO:SubProcess create_model() end ==================================
2026-09-15 19:56:30,000:INFO:Creating metrics dataframe
2026-09-15 19:56:30,001:INFO:Initializing SVM - Linear Kernel
2026-09-15 19:56:30,001:INFO:Total runtime is 0.1102602243423462 minutes
2026-09-15 19:56:30,001:INFO:SubProcess create_model() called ==================================
2026-09-15 19:56:30,002:INFO:Initializing create_model()
2026-09-15 19:56:30,002:INFO:create_model(self=<pycaret.classification.oop.ClassificationExperiment object at 0x000001D978E3DA50>, estimator=svm, fold=StratifiedKFold(n_splits=10, random_state=None, shuffle=False), round=4, cross_validation=True, predict=True, fit_kwargs={}, groups=None, refit=False, probability_threshold=None, experiment_custom_tags=None, verbose=False, system=False, add_to_model_list=True, metrics=None, display=<pycaret.internal.display.display.CommonDisplay object at 0x000001D97CDEED50>, model_only=True, return_train_score=False, error_score=0.0, kwargs={})
2026-09-15 19:56:30,002:INFO:Checking exceptions
2026-09-15 19:56:30,002:INFO:Importing libraries
2026-09-15 19:56:30,002:INFO:Copying training dataset
2026-09-15 19:56:30,004:INFO:Defining folds
2026-09-15 19:56:30,004:INFO:Declaring metric variables
2026-09-15 19:56:30,005:INFO:Importing untrained model
2026-09-15 19:56:30,005:INFO:SVM - Linear Kernel Imported successfully
2026-09-15 19:56:30,005:INFO:Starting cross validation
2026-09-15 19:56:30,005:INFO:Cross validating with StratifiedKFold(n_splits=10, random_state=None, shuffle=False), n_jobs=-1
2026-09-15 19:56:30,053:INFO:Calculating mean and std
2026-09-15 19:56:30,053:INFO:Creating metrics dataframe
2026-09-15 19:56:30,054:INFO:Uploading results into container
2026-09-15 19:56:30,055:INFO:Uploading model into container now
2026-09-15 19:56:30,055:INFO:_master_model_container: 5
2026-09-15 19:56:30,055:INFO:_display_container: 2
2026-09-15 19:56:30,055:INFO:SGDClassifier(alpha=0.0001, average=False, class_weight=None,
              early_stopping=False, epsilon=0.1, eta0=0.001, fit_intercept=True,
              l1_ratio=0.15, learning_rate='optimal', loss='hinge',
              max_iter=1000, n_iter_no_change=5, n_jobs=-1, penalty='l2',
              power_t=0.5, random_state=0, shuffle=True, tol=0.001,
              validation_fraction=0.1, verbose=0, warm_start=False)
2026-09-15 19:56:30,055:INFO:create_model() successfully completed......................................
2026-09-15 19:56:30,104:INFO:SubProcess create_model() end ==================================
2026-09-15 19:56:30,104:INFO:Creating metrics dataframe
2026-09-15 19:56:30,106:INFO:Initializing Ridge Classifier
2026-09-15 19:56:30,106:INFO:Total runtime is 0.11200231711069743 minutes
2026-09-15 19:56:30,106:INFO:SubProcess create_model() called ==================================
2026-09-15 19:56:30,106:INFO:Initializing create_model()
2026-09-15 19:56:30,106:INFO:create_model(self=<pycaret.classification.oop.ClassificationExperiment object at 0x000001D978E3DA50>, estimator=ridge, fold=StratifiedKFold(n_splits=10, random_state=None, shuffle=False), round=4, cross_validation=True, predict=True, fit_kwargs={}, groups=None, refit=False, probability_threshold=None, experiment_custom_tags=None, verbose=False, system=False, add_to_model_list=True, metrics=None, display=<pycaret.internal.display.display.CommonDisplay object at 0x000001D97CDEED50>, model_only=True, return_train_score=False, error_score=0.0, kwargs={})
2026-09-15 19:56:30,106:INFO:Checking exceptions
2026-09-15 19:56:30,106:INFO:Importing libraries
2026-09-15 19:56:30,106:INFO:Copying training dataset
2026-09-15 19:56:30,109:INFO:Defining folds
2026-09-15 19:56:30,109:INFO:Declaring metric variables
2026-09-15 19:56:30,109:INFO:Importing untrained model
2026-09-15 19:56:30,109:INFO:Ridge Classifier Imported successfully
2026-09-15 19:56:30,109:INFO:Starting cross validation
2026-09-15 19:56:30,110:INFO:Cross validating with StratifiedKFold(n_splits=10, random_state=None, shuffle=False), n_jobs=-1
2026-09-15 19:56:30,136:WARNING:C:\Users\mezzaluna anandita z\AppData\Local\Programs\Python\Python311\Lib\site-packages\sklearn\linear_model\_ridge.py:204: LinAlgWarning: Ill-conditioned matrix (rcond=4.35934e-09): result may not be accurate.
  return linalg.solve(A, Xy, assume_a="pos", overwrite_a=True).T

2026-09-15 19:56:30,136:WARNING:C:\Users\mezzaluna anandita z\AppData\Local\Programs\Python\Python311\Lib\site-packages\sklearn\linear_model\_ridge.py:204: LinAlgWarning: Ill-conditioned matrix (rcond=4.67707e-09): result may not be accurate.
  return linalg.solve(A, Xy, assume_a="pos", overwrite_a=True).T

2026-09-15 19:56:30,136:WARNING:C:\Users\mezzaluna anandita z\AppData\Local\Programs\Python\Python311\Lib\site-packages\sklearn\linear_model\_ridge.py:204: LinAlgWarning: Ill-conditioned matrix (rcond=3.69455e-09): result may not be accurate.
  return linalg.solve(A, Xy, assume_a="pos", overwrite_a=True).T

2026-09-15 19:56:30,136:WARNING:C:\Users\mezzaluna anandita z\AppData\Local\Programs\Python\Python311\Lib\site-packages\sklearn\linear_model\_ridge.py:204: LinAlgWarning: Ill-conditioned matrix (rcond=3.7704e-09): result may not be accurate.
  return linalg.solve(A, Xy, assume_a="pos", overwrite_a=True).T

2026-09-15 19:56:30,136:WARNING:C:\Users\mezzaluna anandita z\AppData\Local\Programs\Python\Python311\Lib\site-packages\sklearn\linear_model\_ridge.py:204: LinAlgWarning: Ill-conditioned matrix (rcond=4.65288e-09): result may not be accurate.
  return linalg.solve(A, Xy, assume_a="pos", overwrite_a=True).T

2026-09-15 19:56:30,136:WARNING:C:\Users\mezzaluna anandita z\AppData\Local\Programs\Python\Python311\Lib\site-packages\sklearn\linear_model\_ridge.py:204: LinAlgWarning: Ill-conditioned matrix (rcond=4.8905e-09): result may not be accurate.
  return linalg.solve(A, Xy, assume_a="pos", overwrite_a=True).T


2026-09-15 19:56:30,136:WARNING:C:\Users\mezzaluna anandita z\AppData\Local\Programs\Python\Python311\Lib\site-packages\sklearn\linear_model\_ridge.py:204: LinAlgWarning: Ill-conditioned matrix (rcond=4.34507e-09): result may not be accurate.
  return linalg.solve(A, Xy, assume_a="pos", overwrite_a=True).T

2026-09-15 19:56:30,137:WARNING:C:\Users\mezzaluna anandita z\AppData\Local\Programs\Python\Python311\Lib\site-packages\sklearn\linear_model\_ridge.py:204: LinAlgWarning: Ill-conditioned matrix (rcond=3.71689e-09): result may not be accurate.
  return linalg.solve(A, Xy, assume_a="pos", overwrite_a=True).T

2026-09-15 19:56:30,141:WARNING:C:\Users\mezzaluna anandita z\AppData\Local\Programs\Python\Python311\Lib\site-packages\sklearn\linear_model\_ridge.py:204: LinAlgWarning: Ill-conditioned matrix (rcond=4.93316e-09): result may not be accurate.
  return linalg.solve(A, Xy, assume_a="pos", overwrite_a=True).T

2026-09-15 19:56:30,156:INFO:Calculating mean and std
2026-09-15 19:56:30,157:INFO:Creating metrics dataframe
2026-09-15 19:56:30,158:INFO:Uploading results into container
2026-09-15 19:56:30,158:INFO:Uploading model into container now
2026-09-15 19:56:30,158:INFO:_master_model_container: 6
2026-09-15 19:56:30,158:INFO:_display_container: 2
2026-09-15 19:56:30,158:INFO:RidgeClassifier(alpha=1.0, class_weight=None, copy_X=True, fit_intercept=True,
                max_iter=None, positive=False, random_state=0, solver='auto',
                tol=0.0001)
2026-09-15 19:56:30,158:INFO:create_model() successfully completed......................................
2026-09-15 19:56:30,208:INFO:SubProcess create_model() end ==================================
2026-09-15 19:56:30,208:INFO:Creating metrics dataframe
2026-09-15 19:56:30,209:INFO:Initializing Random Forest Classifier
2026-09-15 19:56:30,209:INFO:Total runtime is 0.11371460755666096 minutes
2026-09-15 19:56:30,210:INFO:SubProcess create_model() called ==================================
2026-09-15 19:56:30,210:INFO:Initializing create_model()
2026-09-15 19:56:30,210:INFO:create_model(self=<pycaret.classification.oop.ClassificationExperiment object at 0x000001D978E3DA50>, estimator=rf, fold=StratifiedKFold(n_splits=10, random_state=None, shuffle=False), round=4, cross_validation=True, predict=True, fit_kwargs={}, groups=None, refit=False, probability_threshold=None, experiment_custom_tags=None, verbose=False, system=False, add_to_model_list=True, metrics=None, display=<pycaret.internal.display.display.CommonDisplay object at 0x000001D97CDEED50>, model_only=True, return_train_score=False, error_score=0.0, kwargs={})
2026-09-15 19:56:30,210:INFO:Checking exceptions
2026-09-15 19:56:30,210:INFO:Importing libraries
2026-09-15 19:56:30,210:INFO:Copying training dataset
2026-09-15 19:56:30,212:INFO:Defining folds
2026-09-15 19:56:30,212:INFO:Declaring metric variables
2026-09-15 19:56:30,212:INFO:Importing untrained model
2026-09-15 19:56:30,212:INFO:Random Forest Classifier Imported successfully
2026-09-15 19:56:30,212:INFO:Starting cross validation
2026-09-15 19:56:30,213:INFO:Cross validating with StratifiedKFold(n_splits=10, random_state=None, shuffle=False), n_jobs=-1
2026-09-15 19:56:30,516:INFO:Calculating mean and std
2026-09-15 19:56:30,516:INFO:Creating metrics dataframe
2026-09-15 19:56:30,517:INFO:Uploading results into container
2026-09-15 19:56:30,517:INFO:Uploading model into container now
2026-09-15 19:56:30,518:INFO:_master_model_container: 7
2026-09-15 19:56:30,518:INFO:_display_container: 2
2026-09-15 19:56:30,518:INFO:RandomForestClassifier(bootstrap=True, ccp_alpha=0.0, class_weight=None,
                       criterion='gini', max_depth=None, max_features='sqrt',
                       max_leaf_nodes=None, max_samples=None,
                       min_impurity_decrease=0.0, min_samples_leaf=1,
                       min_samples_split=2, min_weight_fraction_leaf=0.0,
                       monotonic_cst=None, n_estimators=100, n_jobs=-1,
                       oob_score=False, random_state=0, verbose=0,
                       warm_start=False)
2026-09-15 19:56:30,518:INFO:create_model() successfully completed......................................
2026-09-15 19:56:30,570:INFO:SubProcess create_model() end ==================================
2026-09-15 19:56:30,570:INFO:Creating metrics dataframe
2026-09-15 19:56:30,572:INFO:Initializing Quadratic Discriminant Analysis
2026-09-15 19:56:30,572:INFO:Total runtime is 0.11977952321370441 minutes
2026-09-15 19:56:30,572:INFO:SubProcess create_model() called ==================================
2026-09-15 19:56:30,572:INFO:Initializing create_model()
2026-09-15 19:56:30,572:INFO:create_model(self=<pycaret.classification.oop.ClassificationExperiment object at 0x000001D978E3DA50>, estimator=qda, fold=StratifiedKFold(n_splits=10, random_state=None, shuffle=False), round=4, cross_validation=True, predict=True, fit_kwargs={}, groups=None, refit=False, probability_threshold=None, experiment_custom_tags=None, verbose=False, system=False, add_to_model_list=True, metrics=None, display=<pycaret.internal.display.display.CommonDisplay object at 0x000001D97CDEED50>, model_only=True, return_train_score=False, error_score=0.0, kwargs={})
2026-09-15 19:56:30,572:INFO:Checking exceptions
2026-09-15 19:56:30,572:INFO:Importing libraries
2026-09-15 19:56:30,572:INFO:Copying training dataset
2026-09-15 19:56:30,575:INFO:Defining folds
2026-09-15 19:56:30,575:INFO:Declaring metric variables
2026-09-15 19:56:30,575:INFO:Importing untrained model
2026-09-15 19:56:30,575:INFO:Quadratic Discriminant Analysis Imported successfully
2026-09-15 19:56:30,576:INFO:Starting cross validation
2026-09-15 19:56:30,576:INFO:Cross validating with StratifiedKFold(n_splits=10, random_state=None, shuffle=False), n_jobs=-1
2026-09-15 19:56:30,629:INFO:Calculating mean and std
2026-09-15 19:56:30,630:INFO:Creating metrics dataframe
2026-09-15 19:56:30,631:INFO:Uploading results into container
2026-09-15 19:56:30,631:INFO:Uploading model into container now
2026-09-15 19:56:30,632:INFO:_master_model_container: 8
2026-09-15 19:56:30,632:INFO:_display_container: 2
2026-09-15 19:56:30,632:INFO:QuadraticDiscriminantAnalysis(priors=None, reg_param=0.0,
                              store_covariance=False, tol=0.0001)
2026-09-15 19:56:30,632:INFO:create_model() successfully completed......................................
2026-09-15 19:56:30,680:INFO:SubProcess create_model() end ==================================
2026-09-15 19:56:30,680:INFO:Creating metrics dataframe
2026-09-15 19:56:30,682:INFO:Initializing Ada Boost Classifier
2026-09-15 19:56:30,682:INFO:Total runtime is 0.12160286506017048 minutes
2026-09-15 19:56:30,682:INFO:SubProcess create_model() called ==================================
2026-09-15 19:56:30,682:INFO:Initializing create_model()
2026-09-15 19:56:30,682:INFO:create_model(self=<pycaret.classification.oop.ClassificationExperiment object at 0x000001D978E3DA50>, estimator=ada, fold=StratifiedKFold(n_splits=10, random_state=None, shuffle=False), round=4, cross_validation=True, predict=True, fit_kwargs={}, groups=None, refit=False, probability_threshold=None, experiment_custom_tags=None, verbose=False, system=False, add_to_model_list=True, metrics=None, display=<pycaret.internal.display.display.CommonDisplay object at 0x000001D97CDEED50>, model_only=True, return_train_score=False, error_score=0.0, kwargs={})
2026-09-15 19:56:30,682:INFO:Checking exceptions
2026-09-15 19:56:30,682:INFO:Importing libraries
2026-09-15 19:56:30,682:INFO:Copying training dataset
2026-09-15 19:56:30,685:INFO:Defining folds
2026-09-15 19:56:30,685:INFO:Declaring metric variables
2026-09-15 19:56:30,685:INFO:Importing untrained model
2026-09-15 19:56:30,685:INFO:Ada Boost Classifier Imported successfully
2026-09-15 19:56:30,685:INFO:Starting cross validation
2026-09-15 19:56:30,686:INFO:Cross validating with StratifiedKFold(n_splits=10, random_state=None, shuffle=False), n_jobs=-1
2026-09-15 19:56:30,700:WARNING:C:\Users\mezzaluna anandita z\AppData\Local\Programs\Python\Python311\Lib\site-packages\sklearn\ensemble\_weight_boosting.py:519: FutureWarning: The SAMME.R algorithm (the default) is deprecated and will be removed in 1.6. Use the SAMME algorithm to circumvent this warning.
  warnings.warn(

2026-09-15 19:56:30,700:WARNING:C:\Users\mezzaluna anandita z\AppData\Local\Programs\Python\Python311\Lib\site-packages\sklearn\ensemble\_weight_boosting.py:519: FutureWarning: The SAMME.R algorithm (the default) is deprecated and will be removed in 1.6. Use the SAMME algorithm to circumvent this warning.
  warnings.warn(

2026-09-15 19:56:30,703:WARNING:C:\Users\mezzaluna anandita z\AppData\Local\Programs\Python\Python311\Lib\site-packages\sklearn\ensemble\_weight_boosting.py:519: FutureWarning: The SAMME.R algorithm (the default) is deprecated and will be removed in 1.6. Use the SAMME algorithm to circumvent this warning.
  warnings.warn(

2026-09-15 19:56:30,708:WARNING:C:\Users\mezzaluna anandita z\AppData\Local\Programs\Python\Python311\Lib\site-packages\sklearn\ensemble\_weight_boosting.py:519: FutureWarning: The SAMME.R algorithm (the default) is deprecated and will be removed in 1.6. Use the SAMME algorithm to circumvent this warning.
  warnings.warn(

2026-09-15 19:56:30,710:WARNING:C:\Users\mezzaluna anandita z\AppData\Local\Programs\Python\Python311\Lib\site-packages\sklearn\ensemble\_weight_boosting.py:519: FutureWarning: The SAMME.R algorithm (the default) is deprecated and will be removed in 1.6. Use the SAMME algorithm to circumvent this warning.
  warnings.warn(

2026-09-15 19:56:30,710:WARNING:C:\Users\mezzaluna anandita z\AppData\Local\Programs\Python\Python311\Lib\site-packages\sklearn\ensemble\_weight_boosting.py:519: FutureWarning: The SAMME.R algorithm (the default) is deprecated and will be removed in 1.6. Use the SAMME algorithm to circumvent this warning.
  warnings.warn(

2026-09-15 19:56:30,713:WARNING:C:\Users\mezzaluna anandita z\AppData\Local\Programs\Python\Python311\Lib\site-packages\sklearn\ensemble\_weight_boosting.py:519: FutureWarning: The SAMME.R algorithm (the default) is deprecated and will be removed in 1.6. Use the SAMME algorithm to circumvent this warning.
  warnings.warn(

2026-09-15 19:56:30,714:WARNING:C:\Users\mezzaluna anandita z\AppData\Local\Programs\Python\Python311\Lib\site-packages\sklearn\ensemble\_weight_boosting.py:519: FutureWarning: The SAMME.R algorithm (the default) is deprecated and will be removed in 1.6. Use the SAMME algorithm to circumvent this warning.
  warnings.warn(

2026-09-15 19:56:30,715:WARNING:C:\Users\mezzaluna anandita z\AppData\Local\Programs\Python\Python311\Lib\site-packages\sklearn\ensemble\_weight_boosting.py:519: FutureWarning: The SAMME.R algorithm (the default) is deprecated and will be removed in 1.6. Use the SAMME algorithm to circumvent this warning.
  warnings.warn(

2026-09-15 19:56:30,889:INFO:Calculating mean and std
2026-09-15 19:56:30,890:INFO:Creating metrics dataframe
2026-09-15 19:56:30,891:INFO:Uploading results into container
2026-09-15 19:56:30,891:INFO:Uploading model into container now
2026-09-15 19:56:30,891:INFO:_master_model_container: 9
2026-09-15 19:56:30,892:INFO:_display_container: 2
2026-09-15 19:56:30,892:INFO:AdaBoostClassifier(algorithm='SAMME.R', estimator=None, learning_rate=1.0,
                   n_estimators=50, random_state=0)
2026-09-15 19:56:30,892:INFO:create_model() successfully completed......................................
2026-09-15 19:56:30,941:INFO:SubProcess create_model() end ==================================
2026-09-15 19:56:30,942:INFO:Creating metrics dataframe
2026-09-15 19:56:30,943:INFO:Initializing Gradient Boosting Classifier
2026-09-15 19:56:30,943:INFO:Total runtime is 0.12595616579055785 minutes
2026-09-15 19:56:30,943:INFO:SubProcess create_model() called ==================================
2026-09-15 19:56:30,943:INFO:Initializing create_model()
2026-09-15 19:56:30,943:INFO:create_model(self=<pycaret.classification.oop.ClassificationExperiment object at 0x000001D978E3DA50>, estimator=gbc, fold=StratifiedKFold(n_splits=10, random_state=None, shuffle=False), round=4, cross_validation=True, predict=True, fit_kwargs={}, groups=None, refit=False, probability_threshold=None, experiment_custom_tags=None, verbose=False, system=False, add_to_model_list=True, metrics=None, display=<pycaret.internal.display.display.CommonDisplay object at 0x000001D97CDEED50>, model_only=True, return_train_score=False, error_score=0.0, kwargs={})
2026-09-15 19:56:30,943:INFO:Checking exceptions
2026-09-15 19:56:30,943:INFO:Importing libraries
2026-09-15 19:56:30,943:INFO:Copying training dataset
2026-09-15 19:56:30,946:INFO:Defining folds
2026-09-15 19:56:30,946:INFO:Declaring metric variables
2026-09-15 19:56:30,946:INFO:Importing untrained model
2026-09-15 19:56:30,947:INFO:Gradient Boosting Classifier Imported successfully
2026-09-15 19:56:30,947:INFO:Starting cross validation
2026-09-15 19:56:30,947:INFO:Cross validating with StratifiedKFold(n_splits=10, random_state=None, shuffle=False), n_jobs=-1
2026-09-15 19:56:31,466:INFO:Calculating mean and std
2026-09-15 19:56:31,466:INFO:Creating metrics dataframe
2026-09-15 19:56:31,467:INFO:Uploading results into container
2026-09-15 19:56:31,468:INFO:Uploading model into container now
2026-09-15 19:56:31,468:INFO:_master_model_container: 10
2026-09-15 19:56:31,468:INFO:_display_container: 2
2026-09-15 19:56:31,468:INFO:GradientBoostingClassifier(ccp_alpha=0.0, criterion='friedman_mse', init=None,
                           learning_rate=0.1, loss='log_loss', max_depth=3,
                           max_features=None, max_leaf_nodes=None,
                           min_impurity_decrease=0.0, min_samples_leaf=1,
                           min_samples_split=2, min_weight_fraction_leaf=0.0,
                           n_estimators=100, n_iter_no_change=None,
                           random_state=0, subsample=1.0, tol=0.0001,
                           validation_fraction=0.1, verbose=0,
                           warm_start=False)
2026-09-15 19:56:31,468:INFO:create_model() successfully completed......................................
2026-09-15 19:56:31,530:INFO:SubProcess create_model() end ==================================
2026-09-15 19:56:31,530:INFO:Creating metrics dataframe
2026-09-15 19:56:31,532:INFO:Initializing Linear Discriminant Analysis
2026-09-15 19:56:31,532:INFO:Total runtime is 0.1357716083526611 minutes
2026-09-15 19:56:31,532:INFO:SubProcess create_model() called ==================================
2026-09-15 19:56:31,532:INFO:Initializing create_model()
2026-09-15 19:56:31,532:INFO:create_model(self=<pycaret.classification.oop.ClassificationExperiment object at 0x000001D978E3DA50>, estimator=lda, fold=StratifiedKFold(n_splits=10, random_state=None, shuffle=False), round=4, cross_validation=True, predict=True, fit_kwargs={}, groups=None, refit=False, probability_threshold=None, experiment_custom_tags=None, verbose=False, system=False, add_to_model_list=True, metrics=None, display=<pycaret.internal.display.display.CommonDisplay object at 0x000001D97CDEED50>, model_only=True, return_train_score=False, error_score=0.0, kwargs={})
2026-09-15 19:56:31,532:INFO:Checking exceptions
2026-09-15 19:56:31,532:INFO:Importing libraries
2026-09-15 19:56:31,532:INFO:Copying training dataset
2026-09-15 19:56:31,536:INFO:Defining folds
2026-09-15 19:56:31,536:INFO:Declaring metric variables
2026-09-15 19:56:31,537:INFO:Importing untrained model
2026-09-15 19:56:31,537:INFO:Linear Discriminant Analysis Imported successfully
2026-09-15 19:56:31,537:INFO:Starting cross validation
2026-09-15 19:56:31,537:INFO:Cross validating with StratifiedKFold(n_splits=10, random_state=None, shuffle=False), n_jobs=-1
2026-09-15 19:56:31,596:INFO:Calculating mean and std
2026-09-15 19:56:31,596:INFO:Creating metrics dataframe
2026-09-15 19:56:31,599:INFO:Uploading results into container
2026-09-15 19:56:31,599:INFO:Uploading model into container now
2026-09-15 19:56:31,599:INFO:_master_model_container: 11
2026-09-15 19:56:31,599:INFO:_display_container: 2
2026-09-15 19:56:31,600:INFO:LinearDiscriminantAnalysis(covariance_estimator=None, n_components=None,
                           priors=None, shrinkage=None, solver='svd',
                           store_covariance=False, tol=0.0001)
2026-09-15 19:56:31,600:INFO:create_model() successfully completed......................................
2026-09-15 19:56:31,668:INFO:SubProcess create_model() end ==================================
2026-09-15 19:56:31,669:INFO:Creating metrics dataframe
2026-09-15 19:56:31,670:INFO:Initializing Extra Trees Classifier
2026-09-15 19:56:31,670:INFO:Total runtime is 0.1380680958429972 minutes
2026-09-15 19:56:31,670:INFO:SubProcess create_model() called ==================================
2026-09-15 19:56:31,670:INFO:Initializing create_model()
2026-09-15 19:56:31,670:INFO:create_model(self=<pycaret.classification.oop.ClassificationExperiment object at 0x000001D978E3DA50>, estimator=et, fold=StratifiedKFold(n_splits=10, random_state=None, shuffle=False), round=4, cross_validation=True, predict=True, fit_kwargs={}, groups=None, refit=False, probability_threshold=None, experiment_custom_tags=None, verbose=False, system=False, add_to_model_list=True, metrics=None, display=<pycaret.internal.display.display.CommonDisplay object at 0x000001D97CDEED50>, model_only=True, return_train_score=False, error_score=0.0, kwargs={})
2026-09-15 19:56:31,670:INFO:Checking exceptions
2026-09-15 19:56:31,670:INFO:Importing libraries
2026-09-15 19:56:31,670:INFO:Copying training dataset
2026-09-15 19:56:31,674:INFO:Defining folds
2026-09-15 19:56:31,674:INFO:Declaring metric variables
2026-09-15 19:56:31,674:INFO:Importing untrained model
2026-09-15 19:56:31,675:INFO:Extra Trees Classifier Imported successfully
2026-09-15 19:56:31,675:INFO:Starting cross validation
2026-09-15 19:56:31,675:INFO:Cross validating with StratifiedKFold(n_splits=10, random_state=None, shuffle=False), n_jobs=-1
2026-09-15 19:56:31,944:INFO:Calculating mean and std
2026-09-15 19:56:31,944:INFO:Creating metrics dataframe
2026-09-15 19:56:31,945:INFO:Uploading results into container
2026-09-15 19:56:31,945:INFO:Uploading model into container now
2026-09-15 19:56:31,946:INFO:_master_model_container: 12
2026-09-15 19:56:31,946:INFO:_display_container: 2
2026-09-15 19:56:31,946:INFO:ExtraTreesClassifier(bootstrap=False, ccp_alpha=0.0, class_weight=None,
                     criterion='gini', max_depth=None, max_features='sqrt',
                     max_leaf_nodes=None, max_samples=None,
                     min_impurity_decrease=0.0, min_samples_leaf=1,
                     min_samples_split=2, min_weight_fraction_leaf=0.0,
                     monotonic_cst=None, n_estimators=100, n_jobs=-1,
                     oob_score=False, random_state=0, verbose=0,
                     warm_start=False)
2026-09-15 19:56:31,946:INFO:create_model() successfully completed......................................
2026-09-15 19:56:32,002:INFO:SubProcess create_model() end ==================================
2026-09-15 19:56:32,002:INFO:Creating metrics dataframe
2026-09-15 19:56:32,004:INFO:Initializing Light Gradient Boosting Machine
2026-09-15 19:56:32,004:INFO:Total runtime is 0.1436452229817708 minutes
2026-09-15 19:56:32,004:INFO:SubProcess create_model() called ==================================
2026-09-15 19:56:32,004:INFO:Initializing create_model()
2026-09-15 19:56:32,004:INFO:create_model(self=<pycaret.classification.oop.ClassificationExperiment object at 0x000001D978E3DA50>, estimator=lightgbm, fold=StratifiedKFold(n_splits=10, random_state=None, shuffle=False), round=4, cross_validation=True, predict=True, fit_kwargs={}, groups=None, refit=False, probability_threshold=None, experiment_custom_tags=None, verbose=False, system=False, add_to_model_list=True, metrics=None, display=<pycaret.internal.display.display.CommonDisplay object at 0x000001D97CDEED50>, model_only=True, return_train_score=False, error_score=0.0, kwargs={})
2026-09-15 19:56:32,004:INFO:Checking exceptions
2026-09-15 19:56:32,004:INFO:Importing libraries
2026-09-15 19:56:32,004:INFO:Copying training dataset
2026-09-15 19:56:32,007:INFO:Defining folds
2026-09-15 19:56:32,007:INFO:Declaring metric variables
2026-09-15 19:56:32,007:INFO:Importing untrained model
2026-09-15 19:56:32,009:INFO:Light Gradient Boosting Machine Imported successfully
2026-09-15 19:56:32,009:INFO:Starting cross validation
2026-09-15 19:56:32,009:INFO:Cross validating with StratifiedKFold(n_splits=10, random_state=None, shuffle=False), n_jobs=-1
2026-09-15 19:56:32,120:WARNING:create_model() for lightgbm raised an exception or returned all 0.0, trying without fit_kwargs:
2026-09-15 19:56:32,123:WARNING:Traceback (most recent call last):
  File "C:\Users\mezzaluna anandita z\AppData\Local\Programs\Python\Python311\Lib\site-packages\pycaret\internal\pycaret_experiment\supervised_experiment.py", line 794, in compare_models
    model, model_fit_time = self._create_model(**create_model_args)
                            ^^^^^^^^^^^^^^^^^^^^^^^^^^^^^^^^^^^^^^^
  File "C:\Users\mezzaluna anandita z\AppData\Local\Programs\Python\Python311\Lib\site-packages\pycaret\internal\pycaret_experiment\supervised_experiment.py", line 1533, in _create_model
    model, model_fit_time, model_results, _ = self._create_model_with_cv(
                                              ^^^^^^^^^^^^^^^^^^^^^^^^^^^
  File "C:\Users\mezzaluna anandita z\AppData\Local\Programs\Python\Python311\Lib\site-packages\pycaret\internal\pycaret_experiment\supervised_experiment.py", line 1126, in _create_model_with_cv
    scores = cross_validate(
             ^^^^^^^^^^^^^^^
  File "C:\Users\mezzaluna anandita z\AppData\Local\Programs\Python\Python311\Lib\site-packages\sklearn\utils\_param_validation.py", line 213, in wrapper
    return func(*args, **kwargs)
           ^^^^^^^^^^^^^^^^^^^^^
  File "C:\Users\mezzaluna anandita z\AppData\Local\Programs\Python\Python311\Lib\site-packages\sklearn\model_selection\_validation.py", line 450, in cross_validate
    _warn_or_raise_about_fit_failures(results, error_score)
  File "C:\Users\mezzaluna anandita z\AppData\Local\Programs\Python\Python311\Lib\site-packages\sklearn\model_selection\_validation.py", line 536, in _warn_or_raise_about_fit_failures
    raise ValueError(all_fits_failed_message)
ValueError: 
All the 10 fits failed.
It is very likely that your model is misconfigured.
You can try to debug the error by setting error_score='raise'.

Below are more details about the failures:
--------------------------------------------------------------------------------
10 fits failed with the following error:
Traceback (most recent call last):
  File "C:\Users\mezzaluna anandita z\AppData\Local\Programs\Python\Python311\Lib\site-packages\sklearn\model_selection\_validation.py", line 895, in _fit_and_score
    estimator.fit(X_train, y_train, **fit_params)
  File "C:\Users\mezzaluna anandita z\AppData\Local\Programs\Python\Python311\Lib\site-packages\pycaret\internal\pipeline.py", line 278, in fit
    fitted_estimator = self._memory_fit(
                       ^^^^^^^^^^^^^^^^^
  File "C:\Users\mezzaluna anandita z\AppData\Local\Programs\Python\Python311\Lib\site-packages\joblib\memory.py", line 353, in __call__
    return self.func(*args, **kwargs)
           ^^^^^^^^^^^^^^^^^^^^^^^^^^
  File "C:\Users\mezzaluna anandita z\AppData\Local\Programs\Python\Python311\Lib\site-packages\pycaret\internal\pipeline.py", line 69, in _fit_one
    transformer.fit(*args)
  File "C:\Users\mezzaluna anandita z\AppData\Local\Programs\Python\Python311\Lib\site-packages\lightgbm\sklearn.py", line 1704, in fit
    super().fit(
  File "C:\Users\mezzaluna anandita z\AppData\Local\Programs\Python\Python311\Lib\site-packages\lightgbm\sklearn.py", line 1171, in fit
    self._Booster = train(
                    ^^^^^^
  File "C:\Users\mezzaluna anandita z\AppData\Local\Programs\Python\Python311\Lib\site-packages\lightgbm\engine.py", line 296, in train
    booster = Booster(params=params, train_set=train_set)
              ^^^^^^^^^^^^^^^^^^^^^^^^^^^^^^^^^^^^^^^^^^^
  File "C:\Users\mezzaluna anandita z\AppData\Local\Programs\Python\Python311\Lib\site-packages\lightgbm\basic.py", line 3758, in __init__
    train_set.construct()
  File "C:\Users\mezzaluna anandita z\AppData\Local\Programs\Python\Python311\Lib\site-packages\lightgbm\basic.py", line 2574, in construct
    self._lazy_init(
  File "C:\Users\mezzaluna anandita z\AppData\Local\Programs\Python\Python311\Lib\site-packages\lightgbm\basic.py", line 2189, in _lazy_init
    self.set_label(label)
  File "C:\Users\mezzaluna anandita z\AppData\Local\Programs\Python\Python311\Lib\site-packages\lightgbm\basic.py", line 3097, in set_label
    self.set_field("label", label_array)
  File "C:\Users\mezzaluna anandita z\AppData\Local\Programs\Python\Python311\Lib\site-packages\lightgbm\basic.py", line 2860, in set_field
    _LIB.LGBM_DatasetSetField(
OSError: exception: access violation reading 0x0000000000000000


2026-09-15 19:56:32,123:INFO:Initializing create_model()
2026-09-15 19:56:32,123:INFO:create_model(self=<pycaret.classification.oop.ClassificationExperiment object at 0x000001D978E3DA50>, estimator=lightgbm, fold=StratifiedKFold(n_splits=10, random_state=None, shuffle=False), round=4, cross_validation=True, predict=True, fit_kwargs={}, groups=None, refit=False, probability_threshold=None, experiment_custom_tags=None, verbose=False, system=False, add_to_model_list=True, metrics=None, display=<pycaret.internal.display.display.CommonDisplay object at 0x000001D97CDEED50>, model_only=True, return_train_score=False, error_score=0.0, kwargs={})
2026-09-15 19:56:32,123:INFO:Checking exceptions
2026-09-15 19:56:32,123:INFO:Importing libraries
2026-09-15 19:56:32,123:INFO:Copying training dataset
2026-09-15 19:56:32,128:INFO:Defining folds
2026-09-15 19:56:32,128:INFO:Declaring metric variables
2026-09-15 19:56:32,128:INFO:Importing untrained model
2026-09-15 19:56:32,129:INFO:Light Gradient Boosting Machine Imported successfully
2026-09-15 19:56:32,129:INFO:Starting cross validation
2026-09-15 19:56:32,129:INFO:Cross validating with StratifiedKFold(n_splits=10, random_state=None, shuffle=False), n_jobs=-1
2026-09-15 19:56:32,194:ERROR:create_model() for lightgbm raised an exception or returned all 0.0:
2026-09-15 19:56:32,196:ERROR:Traceback (most recent call last):
  File "C:\Users\mezzaluna anandita z\AppData\Local\Programs\Python\Python311\Lib\site-packages\pycaret\internal\pycaret_experiment\supervised_experiment.py", line 794, in compare_models
    model, model_fit_time = self._create_model(**create_model_args)
                            ^^^^^^^^^^^^^^^^^^^^^^^^^^^^^^^^^^^^^^^
  File "C:\Users\mezzaluna anandita z\AppData\Local\Programs\Python\Python311\Lib\site-packages\pycaret\internal\pycaret_experiment\supervised_experiment.py", line 1533, in _create_model
    model, model_fit_time, model_results, _ = self._create_model_with_cv(
                                              ^^^^^^^^^^^^^^^^^^^^^^^^^^^
  File "C:\Users\mezzaluna anandita z\AppData\Local\Programs\Python\Python311\Lib\site-packages\pycaret\internal\pycaret_experiment\supervised_experiment.py", line 1126, in _create_model_with_cv
    scores = cross_validate(
             ^^^^^^^^^^^^^^^
  File "C:\Users\mezzaluna anandita z\AppData\Local\Programs\Python\Python311\Lib\site-packages\sklearn\utils\_param_validation.py", line 213, in wrapper
    return func(*args, **kwargs)
           ^^^^^^^^^^^^^^^^^^^^^
  File "C:\Users\mezzaluna anandita z\AppData\Local\Programs\Python\Python311\Lib\site-packages\sklearn\model_selection\_validation.py", line 450, in cross_validate
    _warn_or_raise_about_fit_failures(results, error_score)
  File "C:\Users\mezzaluna anandita z\AppData\Local\Programs\Python\Python311\Lib\site-packages\sklearn\model_selection\_validation.py", line 536, in _warn_or_raise_about_fit_failures
    raise ValueError(all_fits_failed_message)
ValueError: 
All the 10 fits failed.
It is very likely that your model is misconfigured.
You can try to debug the error by setting error_score='raise'.

Below are more details about the failures:
--------------------------------------------------------------------------------
10 fits failed with the following error:
Traceback (most recent call last):
  File "C:\Users\mezzaluna anandita z\AppData\Local\Programs\Python\Python311\Lib\site-packages\sklearn\model_selection\_validation.py", line 895, in _fit_and_score
    estimator.fit(X_train, y_train, **fit_params)
  File "C:\Users\mezzaluna anandita z\AppData\Local\Programs\Python\Python311\Lib\site-packages\pycaret\internal\pipeline.py", line 278, in fit
    fitted_estimator = self._memory_fit(
                       ^^^^^^^^^^^^^^^^^
  File "C:\Users\mezzaluna anandita z\AppData\Local\Programs\Python\Python311\Lib\site-packages\joblib\memory.py", line 353, in __call__
    return self.func(*args, **kwargs)
           ^^^^^^^^^^^^^^^^^^^^^^^^^^
  File "C:\Users\mezzaluna anandita z\AppData\Local\Programs\Python\Python311\Lib\site-packages\pycaret\internal\pipeline.py", line 69, in _fit_one
    transformer.fit(*args)
  File "C:\Users\mezzaluna anandita z\AppData\Local\Programs\Python\Python311\Lib\site-packages\lightgbm\sklearn.py", line 1704, in fit
    super().fit(
  File "C:\Users\mezzaluna anandita z\AppData\Local\Programs\Python\Python311\Lib\site-packages\lightgbm\sklearn.py", line 1171, in fit
    self._Booster = train(
                    ^^^^^^
  File "C:\Users\mezzaluna anandita z\AppData\Local\Programs\Python\Python311\Lib\site-packages\lightgbm\engine.py", line 296, in train
    booster = Booster(params=params, train_set=train_set)
              ^^^^^^^^^^^^^^^^^^^^^^^^^^^^^^^^^^^^^^^^^^^
  File "C:\Users\mezzaluna anandita z\AppData\Local\Programs\Python\Python311\Lib\site-packages\lightgbm\basic.py", line 3758, in __init__
    train_set.construct()
  File "C:\Users\mezzaluna anandita z\AppData\Local\Programs\Python\Python311\Lib\site-packages\lightgbm\basic.py", line 2574, in construct
    self._lazy_init(
  File "C:\Users\mezzaluna anandita z\AppData\Local\Programs\Python\Python311\Lib\site-packages\lightgbm\basic.py", line 2189, in _lazy_init
    self.set_label(label)
  File "C:\Users\mezzaluna anandita z\AppData\Local\Programs\Python\Python311\Lib\site-packages\lightgbm\basic.py", line 3097, in set_label
    self.set_field("label", label_array)
  File "C:\Users\mezzaluna anandita z\AppData\Local\Programs\Python\Python311\Lib\site-packages\lightgbm\basic.py", line 2860, in set_field
    _LIB.LGBM_DatasetSetField(
OSError: exception: access violation reading 0x0000000000000000


During handling of the above exception, another exception occurred:

Traceback (most recent call last):
  File "C:\Users\mezzaluna anandita z\AppData\Local\Programs\Python\Python311\Lib\site-packages\pycaret\internal\pycaret_experiment\supervised_experiment.py", line 815, in compare_models
    model, model_fit_time = self._create_model(**create_model_args)
                            ^^^^^^^^^^^^^^^^^^^^^^^^^^^^^^^^^^^^^^^
  File "C:\Users\mezzaluna anandita z\AppData\Local\Programs\Python\Python311\Lib\site-packages\pycaret\internal\pycaret_experiment\supervised_experiment.py", line 1533, in _create_model
    model, model_fit_time, model_results, _ = self._create_model_with_cv(
                                              ^^^^^^^^^^^^^^^^^^^^^^^^^^^
  File "C:\Users\mezzaluna anandita z\AppData\Local\Programs\Python\Python311\Lib\site-packages\pycaret\internal\pycaret_experiment\supervised_experiment.py", line 1126, in _create_model_with_cv
    scores = cross_validate(
             ^^^^^^^^^^^^^^^
  File "C:\Users\mezzaluna anandita z\AppData\Local\Programs\Python\Python311\Lib\site-packages\sklearn\utils\_param_validation.py", line 213, in wrapper
    return func(*args, **kwargs)
           ^^^^^^^^^^^^^^^^^^^^^
  File "C:\Users\mezzaluna anandita z\AppData\Local\Programs\Python\Python311\Lib\site-packages\sklearn\model_selection\_validation.py", line 450, in cross_validate
    _warn_or_raise_about_fit_failures(results, error_score)
  File "C:\Users\mezzaluna anandita z\AppData\Local\Programs\Python\Python311\Lib\site-packages\sklearn\model_selection\_validation.py", line 536, in _warn_or_raise_about_fit_failures
    raise ValueError(all_fits_failed_message)
ValueError: 
All the 10 fits failed.
It is very likely that your model is misconfigured.
You can try to debug the error by setting error_score='raise'.

Below are more details about the failures:
--------------------------------------------------------------------------------
10 fits failed with the following error:
Traceback (most recent call last):
  File "C:\Users\mezzaluna anandita z\AppData\Local\Programs\Python\Python311\Lib\site-packages\sklearn\model_selection\_validation.py", line 895, in _fit_and_score
    estimator.fit(X_train, y_train, **fit_params)
  File "C:\Users\mezzaluna anandita z\AppData\Local\Programs\Python\Python311\Lib\site-packages\pycaret\internal\pipeline.py", line 278, in fit
    fitted_estimator = self._memory_fit(
                       ^^^^^^^^^^^^^^^^^
  File "C:\Users\mezzaluna anandita z\AppData\Local\Programs\Python\Python311\Lib\site-packages\joblib\memory.py", line 353, in __call__
    return self.func(*args, **kwargs)
           ^^^^^^^^^^^^^^^^^^^^^^^^^^
  File "C:\Users\mezzaluna anandita z\AppData\Local\Programs\Python\Python311\Lib\site-packages\pycaret\internal\pipeline.py", line 69, in _fit_one
    transformer.fit(*args)
  File "C:\Users\mezzaluna anandita z\AppData\Local\Programs\Python\Python311\Lib\site-packages\lightgbm\sklearn.py", line 1704, in fit
    super().fit(
  File "C:\Users\mezzaluna anandita z\AppData\Local\Programs\Python\Python311\Lib\site-packages\lightgbm\sklearn.py", line 1171, in fit
    self._Booster = train(
                    ^^^^^^
  File "C:\Users\mezzaluna anandita z\AppData\Local\Programs\Python\Python311\Lib\site-packages\lightgbm\engine.py", line 296, in train
    booster = Booster(params=params, train_set=train_set)
              ^^^^^^^^^^^^^^^^^^^^^^^^^^^^^^^^^^^^^^^^^^^
  File "C:\Users\mezzaluna anandita z\AppData\Local\Programs\Python\Python311\Lib\site-packages\lightgbm\basic.py", line 3758, in __init__
    train_set.construct()
  File "C:\Users\mezzaluna anandita z\AppData\Local\Programs\Python\Python311\Lib\site-packages\lightgbm\basic.py", line 2574, in construct
    self._lazy_init(
  File "C:\Users\mezzaluna anandita z\AppData\Local\Programs\Python\Python311\Lib\site-packages\lightgbm\basic.py", line 2189, in _lazy_init
    self.set_label(label)
  File "C:\Users\mezzaluna anandita z\AppData\Local\Programs\Python\Python311\Lib\site-packages\lightgbm\basic.py", line 3097, in set_label
    self.set_field("label", label_array)
  File "C:\Users\mezzaluna anandita z\AppData\Local\Programs\Python\Python311\Lib\site-packages\lightgbm\basic.py", line 2860, in set_field
    _LIB.LGBM_DatasetSetField(
OSError: exception: access violation reading 0x0000000000000000


2026-09-15 19:56:32,196:INFO:Initializing Dummy Classifier
2026-09-15 19:56:32,196:INFO:Total runtime is 0.14683429400126136 minutes
2026-09-15 19:56:32,196:INFO:SubProcess create_model() called ==================================
2026-09-15 19:56:32,197:INFO:Initializing create_model()
2026-09-15 19:56:32,197:INFO:create_model(self=<pycaret.classification.oop.ClassificationExperiment object at 0x000001D978E3DA50>, estimator=dummy, fold=StratifiedKFold(n_splits=10, random_state=None, shuffle=False), round=4, cross_validation=True, predict=True, fit_kwargs={}, groups=None, refit=False, probability_threshold=None, experiment_custom_tags=None, verbose=False, system=False, add_to_model_list=True, metrics=None, display=<pycaret.internal.display.display.CommonDisplay object at 0x000001D97CDEED50>, model_only=True, return_train_score=False, error_score=0.0, kwargs={})
2026-09-15 19:56:32,197:INFO:Checking exceptions
2026-09-15 19:56:32,197:INFO:Importing libraries
2026-09-15 19:56:32,197:INFO:Copying training dataset
2026-09-15 19:56:32,200:INFO:Defining folds
2026-09-15 19:56:32,200:INFO:Declaring metric variables
2026-09-15 19:56:32,201:INFO:Importing untrained model
2026-09-15 19:56:32,201:INFO:Dummy Classifier Imported successfully
2026-09-15 19:56:32,201:INFO:Starting cross validation
2026-09-15 19:56:32,201:INFO:Cross validating with StratifiedKFold(n_splits=10, random_state=None, shuffle=False), n_jobs=-1
2026-09-15 19:56:32,258:INFO:Calculating mean and std
2026-09-15 19:56:32,259:INFO:Creating metrics dataframe
2026-09-15 19:56:32,260:INFO:Uploading results into container
2026-09-15 19:56:32,261:INFO:Uploading model into container now
2026-09-15 19:56:32,261:INFO:_master_model_container: 13
2026-09-15 19:56:32,261:INFO:_display_container: 2
2026-09-15 19:56:32,261:INFO:DummyClassifier(constant=None, random_state=0, strategy='prior')
2026-09-15 19:56:32,261:INFO:create_model() successfully completed......................................
2026-09-15 19:56:32,320:INFO:SubProcess create_model() end ==================================
2026-09-15 19:56:32,320:INFO:Creating metrics dataframe
2026-09-15 19:56:32,322:WARNING:C:\Users\mezzaluna anandita z\AppData\Local\Programs\Python\Python311\Lib\site-packages\pycaret\internal\pycaret_experiment\supervised_experiment.py:339: FutureWarning: Styler.applymap has been deprecated. Use Styler.map instead.
  .applymap(highlight_cols, subset=["TT (Sec)"])

2026-09-15 19:56:32,323:INFO:Initializing create_model()
2026-09-15 19:56:32,323:INFO:create_model(self=<pycaret.classification.oop.ClassificationExperiment object at 0x000001D978E3DA50>, estimator=ExtraTreesClassifier(bootstrap=False, ccp_alpha=0.0, class_weight=None,
                     criterion='gini', max_depth=None, max_features='sqrt',
                     max_leaf_nodes=None, max_samples=None,
                     min_impurity_decrease=0.0, min_samples_leaf=1,
                     min_samples_split=2, min_weight_fraction_leaf=0.0,
                     monotonic_cst=None, n_estimators=100, n_jobs=-1,
                     oob_score=False, random_state=0, verbose=0,
                     warm_start=False), fold=StratifiedKFold(n_splits=10, random_state=None, shuffle=False), round=4, cross_validation=False, predict=False, fit_kwargs={}, groups=None, refit=True, probability_threshold=None, experiment_custom_tags=None, verbose=False, system=False, add_to_model_list=True, metrics=None, display=None, model_only=True, return_train_score=False, error_score=0.0, kwargs={})
2026-09-15 19:56:32,323:INFO:Checking exceptions
2026-09-15 19:56:32,324:INFO:Importing libraries
2026-09-15 19:56:32,324:INFO:Copying training dataset
2026-09-15 19:56:32,327:INFO:Defining folds
2026-09-15 19:56:32,327:INFO:Declaring metric variables
2026-09-15 19:56:32,327:INFO:Importing untrained model
2026-09-15 19:56:32,327:INFO:Declaring custom model
2026-09-15 19:56:32,327:INFO:Extra Trees Classifier Imported successfully
2026-09-15 19:56:32,328:INFO:Cross validation set to False
2026-09-15 19:56:32,328:INFO:Fitting Model
2026-09-15 19:56:32,417:INFO:ExtraTreesClassifier(bootstrap=False, ccp_alpha=0.0, class_weight=None,
                     criterion='gini', max_depth=None, max_features='sqrt',
                     max_leaf_nodes=None, max_samples=None,
                     min_impurity_decrease=0.0, min_samples_leaf=1,
                     min_samples_split=2, min_weight_fraction_leaf=0.0,
                     monotonic_cst=None, n_estimators=100, n_jobs=-1,
                     oob_score=False, random_state=0, verbose=0,
                     warm_start=False)
2026-09-15 19:56:32,417:INFO:create_model() successfully completed......................................
2026-09-15 19:56:32,477:INFO:_master_model_container: 13
2026-09-15 19:56:32,477:INFO:_display_container: 2
2026-09-15 19:56:32,478:INFO:ExtraTreesClassifier(bootstrap=False, ccp_alpha=0.0, class_weight=None,
                     criterion='gini', max_depth=None, max_features='sqrt',
                     max_leaf_nodes=None, max_samples=None,
                     min_impurity_decrease=0.0, min_samples_leaf=1,
                     min_samples_split=2, min_weight_fraction_leaf=0.0,
                     monotonic_cst=None, n_estimators=100, n_jobs=-1,
                     oob_score=False, random_state=0, verbose=0,
                     warm_start=False)
2026-09-15 19:56:32,478:INFO:compare_models() successfully completed......................................
